Address,Word
0000,00
0001,00
0002,00
0003,00
0004,00
0005,00
0006,00
0007,00
0008,00
0009,00
000a,00
000b,00
000c,00
000d,00
000e,00
000f,00
0010,00
0011,00
0012,00
0013,00
0014,00
0015,00
0016,00
0017,00
0018,00
0019,00
001a,00
001b,00
001c,00
001d,00
001e,00
001f,00
0020,00
0021,00
0022,00
0023,00
0024,00
0025,00
0026,00
0027,00
0028,00
0029,00
002a,00
002b,00
002c,00
002d,00
002e,00
002f,00
0030,00
0031,00
0032,00
0033,00
0034,00
0035,00
0036,00
0037,00
0038,00
0039,00
003a,00
003b,00
003c,00
003d,00
003e,00
003f,00
0040,00
0041,00
0042,00
0043,00
0044,00
0045,00
0046,00
0047,00
0048,00
0049,00
004a,00
004b,00
004c,00
004d,00
004e,00
004f,00
0050,00
0051,00
0052,00
0053,00
0054,00
0055,00
0056,00
0057,00
0058,00
0059,00
005a,00
005b,00
005c,00
005d,00
005e,00
005f,00
0060,00
0061,00
0062,00
0063,00
0064,00
0065,00
0066,00
0067,00
0068,00
0069,00
006a,00
006b,00
006c,00
006d,00
006e,00
006f,00
0070,00
0071,00
0072,00
0073,00
0074,00
0075,00
0076,00
0077,00
0078,00
0079,00
007a,00
007b,00
007c,00
007d,00
007e,00
007f,00
0080,00
0081,00
0082,00
0083,00
0084,00
0085,00
0086,00
0087,00
0088,00
0089,00
008a,00
008b,00
008c,00
008d,00
008e,00
008f,00
0090,00
0091,00
0092,00
0093,00
0094,00
0095,00
0096,00
0097,00
0098,00
0099,00
009a,00
009b,00
009c,00
009d,00
009e,00
009f,00
00a0,00
00a1,00
00a2,00
00a3,00
00a4,00
00a5,00
00a6,00
00a7,00
00a8,00
00a9,00
00aa,00
00ab,00
00ac,00
00ad,00
00ae,00
00af,00
00b0,00
00b1,00
00b2,00
00b3,00
00b4,00
00b5,00
00b6,00
00b7,00
00b8,00
00b9,00
00ba,00
00bb,00
00bc,00
00bd,00
00be,00
00bf,00
00c0,00
00c1,00
00c2,00
00c3,00
00c4,00
00c5,00
00c6,00
00c7,00
00c8,00
00c9,00
00ca,00
00cb,00
00cc,00
00cd,00
00ce,00
00cf,00
00d0,00
00d1,00
00d2,00
00d3,00
00d4,00
00d5,00
00d6,00
00d7,00
00d8,00
00d9,00
00da,00
00db,00
00dc,00
00dd,00
00de,00
00df,00
00e0,00
00e1,00
00e2,00
00e3,00
00e4,00
00e5,00
00e6,00
00e7,00
00e8,00
00e9,00
00ea,00
00eb,00
00ec,00
00ed,00
00ee,00
00ef,00
00f0,00
00f1,00
00f2,00
00f3,00
00f4,00
00f5,00
00f6,00
00f7,00
00f8,00
00f9,00
00fa,00
00fb,00
00fc,00
00fd,00
00fe,00
00ff,00
0100,00
0101,00
0102,00
0103,00
0104,00
0105,00
0106,00
0107,00
0108,00
0109,00
010a,00
010b,00
010c,00
010d,00
010e,00
010f,00
0110,00
0111,00
0112,00
0113,00
0114,00
0115,00
0116,00
0117,00
0118,00
0119,00
011a,00
011b,00
011c,00
011d,00
011e,00
011f,00
0120,00
0121,00
0122,00
0123,00
0124,00
0125,00
0126,00
0127,00
0128,00
0129,00
012a,00
012b,00
012c,00
012d,00
012e,00
012f,00
0130,00
0131,00
0132,00
0133,00
0134,00
0135,00
0136,70
0137,00
0138,00
0139,00
013a,00
013b,00
013c,00
013d,00
013e,00
013f,00
0140,00
0141,00
0142,00
0143,00
0144,00
0145,00
0146,00
0147,00
0148,00
0149,00
014a,00
014b,00
014c,00
014d,00
014e,00
014f,00
0150,00
0151,00
0152,00
0153,00
0154,00
0155,01
0156,f0
0157,00
0158,00
0159,00
015a,00
015b,00
015c,00
015d,00
015e,00
015f,00
0160,00
0161,00
0162,00
0163,00
0164,00
0165,00
0166,00
0167,00
0168,00
0169,00
016a,00
016b,00
016c,00
016d,00
016e,00
016f,00
0170,00
0171,00
0172,00
0173,00
0174,00
0175,03
0176,f8
0177,00
0178,00
0179,00
017a,00
017b,00
017c,00
017d,00
017e,00
017f,00
0180,00
0181,00
0182,00
0183,00
0184,00
0185,00
0186,00
0187,00
0188,00
0189,00
018a,00
018b,00
018c,00
018d,00
018e,00
018f,00
0190,00
0191,00
0192,00
0193,00
0194,00
0195,0f
0196,f8
0197,00
0198,00
0199,00
019a,00
019b,00
019c,00
019d,00
019e,00
019f,00
01a0,00
01a1,00
01a2,00
01a3,00
01a4,00
01a5,00
01a6,00
01a7,00
01a8,00
01a9,00
01aa,00
01ab,00
01ac,00
01ad,00
01ae,00
01af,00
01b0,00
01b1,00
01b2,00
01b3,00
01b4,00
01b5,1f
01b6,fc
01b7,00
01b8,00
01b9,00
01ba,00
01bb,00
01bc,00
01bd,00
01be,00
01bf,00
01c0,00
01c1,00
01c2,00
01c3,00
01c4,00
01c5,00
01c6,00
01c7,00
01c8,00
01c9,00
01ca,00
01cb,00
01cc,00
01cd,00
01ce,00
01cf,00
01d0,00
01d1,00
01d2,00
01d3,00
01d4,00
01d5,3f
01d6,fc
01d7,00
01d8,00
01d9,00
01da,00
01db,00
01dc,00
01dd,00
01de,00
01df,00
01e0,00
01e1,00
01e2,00
01e3,00
01e4,00
01e5,00
01e6,00
01e7,00
01e8,00
01e9,00
01ea,00
01eb,00
01ec,00
01ed,00
01ee,00
01ef,00
01f0,00
01f1,00
01f2,00
01f3,00
01f4,00
01f5,7e
01f6,7e
01f7,00
01f8,00
01f9,00
01fa,00
01fb,00
01fc,00
01fd,00
01fe,00
01ff,00
0200,00
0201,00
0202,00
0203,00
0204,00
0205,00
0206,00
0207,00
0208,00
0209,00
020a,00
020b,00
020c,00
020d,00
020e,00
020f,00
0210,00
0211,00
0212,00
0213,00
0214,00
0215,f8
0216,7e
0217,00
0218,00
0219,00
021a,00
021b,00
021c,00
021d,00
021e,00
021f,00
0220,00
0221,00
0222,00
0223,00
0224,00
0225,00
0226,00
0227,00
0228,00
0229,00
022a,00
022b,00
022c,00
022d,00
022e,00
022f,00
0230,00
0231,00
0232,00
0233,00
0234,01
0235,f0
0236,3f
0237,00
0238,00
0239,00
023a,00
023b,00
023c,00
023d,00
023e,00
023f,00
0240,00
0241,00
0242,00
0243,00
0244,00
0245,00
0246,00
0247,00
0248,00
0249,00
024a,00
024b,00
024c,00
024d,00
024e,00
024f,00
0250,00
0251,00
0252,00
0253,00
0254,01
0255,e0
0256,1f
0257,00
0258,00
0259,00
025a,00
025b,00
025c,00
025d,00
025e,00
025f,00
0260,00
0261,00
0262,00
0263,00
0264,00
0265,00
0266,00
0267,00
0268,00
0269,00
026a,00
026b,00
026c,00
026d,00
026e,00
026f,00
0270,00
0271,00
0272,00
0273,00
0274,03
0275,c0
0276,1f
0277,80
0278,00
0279,00
027a,00
027b,00
027c,00
027d,00
027e,00
027f,00
0280,00
0281,00
0282,00
0283,00
0284,00
0285,00
0286,00
0287,00
0288,00
0289,00
028a,00
028b,00
028c,00
028d,00
028e,00
028f,00
0290,00
0291,00
0292,00
0293,00
0294,07
0295,80
0296,0f
0297,c0
0298,00
0299,00
029a,00
029b,00
029c,00
029d,00
029e,00
029f,00
02a0,00
02a1,00
02a2,00
02a3,00
02a4,00
02a5,00
02a6,00
02a7,00
02a8,00
02a9,00
02aa,00
02ab,00
02ac,00
02ad,00
02ae,00
02af,00
02b0,00
02b1,00
02b2,00
02b3,00
02b4,07
02b5,80
02b6,07
02b7,c0
02b8,00
02b9,00
02ba,00
02bb,00
02bc,00
02bd,00
02be,00
02bf,00
02c0,00
02c1,00
02c2,00
02c3,00
02c4,00
02c5,00
02c6,00
02c7,00
02c8,00
02c9,00
02ca,00
02cb,00
02cc,00
02cd,00
02ce,00
02cf,00
02d0,00
02d1,00
02d2,00
02d3,00
02d4,0f
02d5,80
02d6,07
02d7,e0
02d8,00
02d9,00
02da,00
02db,00
02dc,00
02dd,00
02de,00
02df,00
02e0,00
02e1,00
02e2,00
02e3,00
02e4,00
02e5,00
02e6,00
02e7,00
02e8,00
02e9,00
02ea,00
02eb,00
02ec,00
02ed,00
02ee,00
02ef,00
02f0,00
02f1,00
02f2,00
02f3,00
02f4,0f
02f5,00
02f6,03
02f7,f0
02f8,00
02f9,00
02fa,00
02fb,00
02fc,00
02fd,00
02fe,00
02ff,00
0300,00
0301,00
0302,00
0303,00
0304,00
0305,00
0306,00
0307,00
0308,00
0309,00
030a,00
030b,00
030c,00
030d,00
030e,00
030f,00
0310,00
0311,00
0312,00
0313,00
0314,0f
0315,00
0316,01
0317,f0
0318,00
0319,00
031a,00
031b,00
031c,00
031d,00
031e,00
031f,00
0320,00
0321,00
0322,00
0323,00
0324,00
0325,00
0326,00
0327,00
0328,00
0329,00
032a,00
032b,00
032c,00
032d,00
032e,00
032f,00
0330,00
0331,00
0332,00
0333,00
0334,1f
0335,08
0336,00
0337,f8
0338,00
0339,00
033a,00
033b,00
033c,00
033d,00
033e,00
033f,00
0340,00
0341,00
0342,00
0343,00
0344,00
0345,00
0346,00
0347,00
0348,00
0349,00
034a,00
034b,00
034c,00
034d,00
034e,00
034f,00
0350,00
0351,00
0352,00
0353,00
0354,1f
0355,08
0356,00
0357,7c
0358,00
0359,00
035a,00
035b,00
035c,00
035d,00
035e,00
035f,00
0360,00
0361,00
0362,00
0363,00
0364,00
0365,00
0366,00
0367,00
0368,00
0369,00
036a,00
036b,00
036c,00
036d,00
036e,00
036f,00
0370,00
0371,00
0372,00
0373,00
0374,1f
0375,18
0376,00
0377,3e
0378,00
0379,00
037a,00
037b,00
037c,00
037d,00
037e,00
037f,00
0380,00
0381,00
0382,00
0383,00
0384,00
0385,00
0386,00
0387,00
0388,00
0389,00
038a,00
038b,01
038c,c0
038d,00
038e,00
038f,00
0390,00
0391,00
0392,00
0393,00
0394,1f
0395,30
0396,00
0397,3f
0398,00
0399,00
039a,00
039b,00
039c,00
039d,00
039e,00
039f,00
03a0,00
03a1,00
03a2,00
03a3,00
03a4,00
03a5,00
03a6,00
03a7,00
03a8,00
03a9,00
03aa,00
03ab,03
03ac,f8
03ad,00
03ae,00
03af,00
03b0,00
03b1,00
03b2,00
03b3,00
03b4,1f
03b5,33
03b6,00
03b7,3f
03b8,80
03b9,00
03ba,00
03bb,00
03bc,00
03bd,00
03be,00
03bf,00
03c0,00
03c1,00
03c2,00
03c3,00
03c4,00
03c5,00
03c6,00
03c7,00
03c8,00
03c9,00
03ca,00
03cb,03
03cc,ff
03cd,00
03ce,00
03cf,00
03d0,00
03d1,00
03d2,00
03d3,00
03d4,1f
03d5,73
03d6,00
03d7,3f
03d8,c0
03d9,00
03da,00
03db,00
03dc,00
03dd,00
03de,00
03df,00
03e0,00
03e1,00
03e2,00
03e3,00
03e4,00
03e5,00
03e6,00
03e7,00
03e8,00
03e9,00
03ea,00
03eb,03
03ec,1f
03ed,e0
03ee,00
03ef,00
03f0,00
03f1,00
03f2,00
03f3,00
03f4,1f
03f5,e3
03f6,00
03f7,7f
03f8,c0
03f9,00
03fa,00
03fb,00
03fc,00
03fd,00
03fe,00
03ff,00
0400,00
0401,00
0402,00
0403,00
0404,00
0405,00
0406,00
0407,00
0408,00
0409,00
040a,00
040b,03
040c,03
040d,fc
040e,00
040f,00
0410,00
0411,00
0412,00
0413,00
0414,1f
0415,e7
0416,00
0417,7f
0418,e0
0419,00
041a,00
041b,00
041c,00
041d,00
041e,00
041f,00
0420,00
0421,00
0422,00
0423,00
0424,00
0425,00
0426,00
0427,00
0428,00
0429,00
042a,0e
042b,03
042c,b8
042d,fc
042e,00
042f,00
0430,00
0431,00
0432,00
0433,00
0434,0f
0435,e6
0436,00
0437,ff
0438,f0
0439,00
043a,00
043b,00
043c,00
043d,00
043e,00
043f,00
0440,00
0441,00
0442,00
0443,00
0444,00
0445,00
0446,00
0447,00
0448,00
0449,00
044a,7f
044b,c3
044c,fe
044d,38
044e,00
044f,00
0450,00
0451,00
0452,00
0453,00
0454,03
0455,fe
0456,01
0457,ff
0458,f8
0459,00
045a,00
045b,00
045c,00
045d,00
045e,00
045f,00
0460,00
0461,00
0462,00
0463,00
0464,00
0465,00
0466,00
0467,00
0468,00
0469,03
046a,ff
046b,ff
046c,fe
046d,70
046e,00
046f,00
0470,00
0471,00
0472,00
0473,00
0474,01
0475,ff
0476,e3
0477,ff
0478,f8
0479,00
047a,00
047b,00
047c,00
047d,00
047e,00
047f,00
0480,00
0481,00
0482,00
0483,00
0484,00
0485,00
0486,00
0487,00
0488,00
0489,1f
048a,ff
048b,ff
048c,ff
048d,e0
048e,00
048f,00
0490,00
0491,00
0492,00
0493,00
0494,00
0495,3f
0496,ff
0497,ff
0498,fc
0499,00
049a,00
049b,00
049c,00
049d,00
049e,00
049f,00
04a0,00
04a1,00
04a2,00
04a3,00
04a4,00
04a5,00
04a6,00
04a7,00
04a8,00
04a9,ff
04aa,ff
04ab,ff
04ac,ff
04ad,e0
04ae,00
04af,00
04b0,00
04b1,00
04b2,00
04b3,00
04b4,00
04b5,07
04b6,ff
04b7,ff
04b8,fc
04b9,00
04ba,00
04bb,00
04bc,00
04bd,00
04be,00
04bf,00
04c0,00
04c1,00
04c2,00
04c3,00
04c4,00
04c5,00
04c6,00
04c7,00
04c8,07
04c9,ff
04ca,ff
04cb,ff
04cc,ff
04cd,c0
04ce,00
04cf,00
04d0,00
04d1,00
04d2,00
04d3,00
04d4,00
04d5,01
04d6,ff
04d7,ff
04d8,fe
04d9,00
04da,00
04db,00
04dc,00
04dd,00
04de,00
04df,00
04e0,00
04e1,00
04e2,00
04e3,00
04e4,00
04e5,00
04e6,00
04e7,00
04e8,3f
04e9,ff
04ea,ff
04eb,ff
04ec,ff
04ed,c0
04ee,00
04ef,00
04f0,00
04f1,00
04f2,00
04f3,00
04f4,00
04f5,00
04f6,7f
04f7,ff
04f8,fe
04f9,00
04fa,00
04fb,00
04fc,00
04fd,00
04fe,00
04ff,00
0500,00
0501,00
0502,00
0503,00
0504,00
0505,00
0506,00
0507,00
0508,ff
0509,ff
050a,ff
050b,ff
050c,ff
050d,f0
050e,00
050f,00
0510,00
0511,00
0512,00
0513,00
0514,00
0515,00
0516,1f
0517,ff
0518,fe
0519,00
051a,00
051b,00
051c,00
051d,00
051e,00
051f,00
0520,00
0521,00
0522,00
0523,00
0524,00
0525,00
0526,00
0527,00
0528,ff
0529,ff
052a,ff
052b,ff
052c,ff
052d,fe
052e,00
052f,00
0530,00
0531,00
0532,00
0533,00
0534,00
0535,00
0536,1f
0537,ff
0538,ff
0539,00
053a,00
053b,00
053c,00
053d,00
053e,00
053f,00
0540,00
0541,00
0542,00
0543,00
0544,00
0545,00
0546,00
0547,01
0548,ff
0549,ff
054a,ff
054b,ff
054c,ff
054d,fe
054e,00
054f,00
0550,00
0551,00
0552,00
0553,00
0554,00
0555,00
0556,0f
0557,ff
0558,ff
0559,00
055a,00
055b,00
055c,00
055d,00
055e,00
055f,00
0560,00
0561,00
0562,00
0563,00
0564,00
0565,00
0566,00
0567,c1
0568,ff
0569,ff
056a,ff
056b,ff
056c,ff
056d,fe
056e,00
056f,00
0570,00
0571,00
0572,00
0573,00
0574,00
0575,00
0576,07
0577,ff
0578,ff
0579,00
057a,00
057b,00
057c,00
057d,00
057e,00
057f,00
0580,00
0581,00
0582,00
0583,00
0584,00
0585,00
0586,01
0587,e1
0588,ff
0589,ff
058a,ff
058b,ff
058c,ff
058d,fe
058e,00
058f,00
0590,00
0591,00
0592,00
0593,00
0594,00
0595,00
0596,07
0597,e3
0598,ff
0599,00
059a,00
059b,00
059c,00
059d,00
059e,00
059f,00
05a0,00
05a1,00
05a2,00
05a3,00
05a4,00
05a5,00
05a6,03
05a7,f3
05a8,ff
05a9,ff
05aa,ff
05ab,ff
05ac,ff
05ad,fe
05ae,00
05af,00
05b0,00
05b1,00
05b2,00
05b3,00
05b4,00
05b5,00
05b6,03
05b7,e3
05b8,ff
05b9,00
05ba,00
05bb,00
05bc,00
05bd,00
05be,00
05bf,00
05c0,00
05c1,00
05c2,00
05c3,00
05c4,00
05c5,00
05c6,07
05c7,fb
05c8,ff
05c9,ff
05ca,ff
05cb,ff
05cc,ff
05cd,fe
05ce,00
05cf,00
05d0,00
05d1,00
05d2,00
05d3,00
05d4,00
05d5,00
05d6,03
05d7,e1
05d8,ff
05d9,80
05da,00
05db,00
05dc,00
05dd,00
05de,00
05df,00
05e0,00
05e1,00
05e2,00
05e3,00
05e4,00
05e5,00
05e6,0f
05e7,3f
05e8,ff
05e9,ff
05ea,ff
05eb,e7
05ec,ff
05ed,fe
05ee,00
05ef,00
05f0,00
05f1,00
05f2,00
05f3,00
05f4,00
05f5,00
05f6,03
05f7,e1
05f8,ff
05f9,80
05fa,00
05fb,00
05fc,00
05fd,00
05fe,00
05ff,00
0600,00
0601,00
0602,00
0603,00
0604,00
0605,00
0606,1e
0607,1f
0608,ff
0609,f0
060a,1f
060b,df
060c,1f
060d,fe
060e,00
060f,00
0610,00
0611,00
0612,00
0613,00
0614,00
0615,00
0616,03
0617,e1
0618,ff
0619,80
061a,00
061b,00
061c,00
061d,00
061e,00
061f,00
0620,00
0621,00
0622,00
0623,00
0624,00
0625,00
0626,3c
0627,0f
0628,ff
0629,cf
062a,ff
062b,3b
062c,8f
062d,fe
062e,00
062f,00
0630,00
0631,00
0632,00
0633,00
0634,00
0635,00
0636,03
0637,e1
0638,ff
0639,80
063a,00
063b,00
063c,00
063d,00
063e,00
063f,00
0640,00
0641,00
0642,00
0643,00
0644,00
0645,00
0646,38
0647,e7
0648,ff
0649,1f
064a,ff
064b,23
064c,c7
064d,fc
064e,00
064f,00
0650,7f
0651,80
0652,00
0653,00
0654,00
0655,00
0656,03
0657,e1
0658,ff
0659,80
065a,00
065b,00
065c,00
065d,00
065e,00
065f,00
0660,00
0661,00
0662,00
0663,00
0664,00
0665,00
0666,71
0667,fb
0668,fe
0669,3f
066a,1f
066b,27
066c,c7
066d,fe
066e,00
066f,07
0670,c0
0671,00
0672,00
0673,00
0674,00
0675,00
0676,03
0677,e3
0678,ff
0679,00
067a,00
067b,00
067c,00
067d,00
067e,00
067f,00
0680,00
0681,00
0682,00
0683,00
0684,00
0685,00
0686,e3
0687,ff
0688,fe
0689,f7
068a,0f
068b,bf
068c,ff
068d,ff
068e,f0
068f,1c
0690,00
0691,00
0692,00
0693,00
0694,00
0695,00
0696,03
0697,e3
0698,ff
0699,00
069a,00
069b,00
069c,00
069d,00
069e,00
069f,00
06a0,00
06a1,00
06a2,00
06a3,00
06a4,00
06a5,01
06a6,c7
06a7,ff
06a8,ff
06a9,d7
06aa,8f
06ab,ff
06ac,ff
06ad,ff
06ae,f8
06af,60
06b0,00
06b1,00
06b2,00
06b3,00
06b4,00
06b5,00
06b6,03
06b7,c3
06b8,ff
06b9,00
06ba,00
06bb,00
06bc,00
06bd,00
06be,00
06bf,00
06c0,00
06c1,00
06c2,00
06c3,00
06c4,00
06c5,00
06c6,ef
06c7,ff
06c8,ff
06c9,ff
06ca,bf
06cb,fe
06cc,00
06cd,7e
06ce,3f
06cf,80
06d0,00
06d1,00
06d2,00
06d3,00
06d4,00
06d5,00
06d6,03
06d7,c7
06d8,ff
06d9,00
06da,00
06db,00
06dc,00
06dd,00
06de,00
06df,00
06e0,00
06e1,00
06e2,00
06e3,00
06e4,00
06e5,00
06e6,ff
06e7,ff
06e8,ff
06e9,ff
06ea,ff
06eb,e0
06ec,00
06ed,7e
06ee,0f
06ef,00
06f0,00
06f1,00
06f2,00
06f3,00
06f4,00
06f5,00
06f6,03
06f7,c7
06f8,ff
06f9,00
06fa,00
06fb,00
06fc,00
06fd,00
06fe,00
06ff,00
0700,00
0701,00
0702,00
0703,00
0704,00
0705,00
0706,7f
0707,ff
0708,ff
0709,ff
070a,ff
070b,fc
070c,00
070d,ff
070e,0f
070f,80
0710,3f
0711,e0
0712,00
0713,00
0714,00
0715,00
0716,07
0717,e7
0718,ff
0719,00
071a,00
071b,00
071c,00
071d,00
071e,00
071f,00
0720,00
0721,00
0722,00
0723,00
0724,00
0725,00
0726,7f
0727,ff
0728,ff
0729,ff
072a,ff
072b,ff
072c,ff
072d,ff
072e,19
072f,e7
0730,f0
0731,00
0732,00
0733,00
0734,00
0735,00
0736,07
0737,ff
0738,fe
0739,00
073a,00
073b,00
073c,00
073d,00
073e,00
073f,00
0740,00
0741,00
0742,00
0743,00
0744,00
0745,00
0746,3f
0747,ff
0748,ff
0749,ff
074a,df
074b,ff
074c,ff
074d,fe
074e,20
074f,fc
0750,00
0751,00
0752,00
0753,00
0754,00
0755,00
0756,07
0757,ff
0758,fe
0759,00
075a,00
075b,00
075c,00
075d,00
075e,00
075f,00
0760,00
0761,00
0762,00
0763,00
0764,00
0765,00
0766,1f
0767,ff
0768,ff
0769,fe
076a,0f
076b,ff
076c,e7
076d,fc
076e,41
076f,f0
0770,00
0771,00
0772,00
0773,00
0774,00
0775,00
0776,0f
0777,ff
0778,fe
0779,00
077a,00
077b,00
077c,00
077d,00
077e,00
077f,00
0780,00
0781,00
0782,00
0783,00
0784,00
0785,00
0786,1f
0787,ff
0788,ff
0789,fe
078a,03
078b,ff
078c,c1
078d,f8
078e,c7
078f,e0
0790,00
0791,00
0792,00
0793,00
0794,00
0795,00
0796,7f
0797,ff
0798,fc
0799,00
079a,00
079b,00
079c,00
079d,00
079e,00
079f,00
07a0,00
07a1,00
07a2,00
07a3,00
07a4,00
07a5,00
07a6,0c
07a7,3f
07a8,ff
07a9,ff
07aa,81
07ab,ff
07ac,c1
07ad,f0
07ae,19
07af,e0
07b0,00
07b1,00
07b2,00
07b3,00
07b4,00
07b5,03
07b6,ff
07b7,ff
07b8,fc
07b9,00
07ba,00
07bb,00
07bc,00
07bd,00
07be,00
07bf,00
07c0,00
07c1,00
07c2,00
07c3,00
07c4,00
07c5,00
07c6,01
07c7,ff
07c8,ff
07c9,fc
07ca,e0
07cb,7f
07cc,ff
07cd,e0
07ce,61
07cf,ff
07d0,fc
07d1,00
07d2,00
07d3,00
07d4,00
07d5,3f
07d6,ff
07d7,ff
07d8,fc
07d9,00
07da,00
07db,00
07dc,00
07dd,00
07de,00
07df,00
07e0,00
07e1,00
07e2,00
07e3,00
07e4,00
07e5,00
07e6,0e
07e7,7f
07e8,ff
07e9,fc
07ea,20
07eb,0f
07ec,ff
07ed,c1
07ee,c3
07ef,f0
07f0,00
07f1,00
07f2,00
07f3,00
07f4,01
07f5,ff
07f6,f3
07f7,ff
07f8,fc
07f9,00
07fa,00
07fb,00
07fc,00
07fd,00
07fe,00
07ff,00
0800,00
0801,00
0802,00
0803,00
0804,00
0805,00
0806,70
0807,ff
0808,ff
0809,ff
080a,e0
080b,00
080c,03
080d,83
080e,1f
080f,80
0810,00
0811,00
0812,00
0813,00
0814,1f
0815,ff
0816,01
0817,ff
0818,f8
0819,00
081a,00
081b,00
081c,00
081d,00
081e,00
081f,00
0820,00
0821,00
0822,00
0823,00
0824,00
0825,01
0826,c3
0827,ff
0828,ff
0829,f8
082a,1f
082b,00
082c,00
082d,04
082e,37
082f,80
0830,00
0831,00
0832,00
0833,00
0834,ff
0835,f8
0836,03
0837,ff
0838,f8
0839,00
083a,00
083b,00
083c,00
083d,00
083e,00
083f,00
0840,00
0841,00
0842,00
0843,00
0844,00
0845,02
0846,07
0847,ff
0848,ff
0849,f0
084a,03
084b,00
084c,00
084d,04
084e,27
084f,00
0850,00
0851,00
0852,00
0853,07
0854,ff
0855,80
0856,1f
0857,ff
0858,f0
0859,00
085a,00
085b,00
085c,00
085d,00
085e,00
085f,00
0860,00
0861,00
0862,00
0863,00
0864,00
0865,00
0866,1f
0867,ff
0868,ff
0869,ff
086a,f0
086b,00
086c,00
086d,00
086e,07
086f,00
0870,00
0871,00
0872,00
0873,7f
0874,fe
0875,01
0876,ff
0877,ff
0878,f0
0879,00
087a,00
087b,00
087c,00
087d,00
087e,00
087f,00
0880,00
0881,00
0882,00
0883,00
0884,00
0885,00
0886,1f
0887,ff
0888,ff
0889,f8
088a,20
088b,00
088c,02
088d,00
088e,0f
088f,c0
0890,00
0891,00
0892,00
0893,ff
0894,ff
0895,1f
0896,ff
0897,ff
0898,e0
0899,00
089a,00
089b,00
089c,00
089d,00
089e,00
089f,00
08a0,00
08a1,00
08a2,00
08a3,00
08a4,00
08a5,00
08a6,3f
08a7,ff
08a8,ff
08a9,f8
08aa,00
08ab,00
08ac,03
08ad,00
08ae,1f
08af,e0
08b0,00
08b1,00
08b2,01
08b3,ff
08b4,ff
08b5,ff
08b6,ff
08b7,ff
08b8,e0
08b9,00
08ba,00
08bb,00
08bc,00
08bd,00
08be,00
08bf,00
08c0,00
08c1,00
08c2,00
08c3,00
08c4,00
08c5,00
08c6,3f
08c7,ff
08c8,ff
08c9,de
08ca,00
08cb,00
08cc,07
08cd,c0
08ce,fd
08cf,f8
08d0,00
08d1,00
08d2,01
08d3,ff
08d4,ff
08d5,ff
08d6,ff
08d7,ff
08d8,c0
08d9,00
08da,00
08db,00
08dc,00
08dd,00
08de,00
08df,00
08e0,00
08e1,00
08e2,00
08e3,00
08e4,00
08e5,00
08e6,3f
08e7,ff
08e8,fd
08e9,ff
08ea,80
08eb,00
08ec,0f
08ed,ff
08ee,fc
08ef,38
08f0,00
08f1,00
08f2,01
08f3,ff
08f4,ff
08f5,ff
08f6,ff
08f7,ff
08f8,c0
08f9,00
08fa,00
08fb,00
08fc,00
08fd,00
08fe,00
08ff,00
0900,00
0901,00
0902,00
0903,00
0904,00
0905,00
0906,ff
0907,ff
0908,fc
0909,e3
090a,ff
090b,ff
090c,ff
090d,ff
090e,f0
090f,38
0910,00
0911,00
0912,00
0913,ff
0914,ff
0915,ff
0916,ff
0917,ff
0918,80
0919,00
091a,00
091b,00
091c,00
091d,00
091e,00
091f,00
0920,00
0921,00
0922,00
0923,00
0924,00
0925,01
0926,ff
0927,ff
0928,fc
0929,73
092a,ff
092b,ff
092c,fe
092d,7f
092e,80
092f,38
0930,00
0931,00
0932,00
0933,ff
0934,ff
0935,ff
0936,ff
0937,ff
0938,80
0939,00
093a,00
093b,00
093c,00
093d,00
093e,00
093f,00
0940,00
0941,00
0942,00
0943,00
0944,00
0945,06
0946,7f
0947,ff
0948,fc
0949,7a
094a,06
094b,3f
094c,f8
094d,1e
094e,00
094f,38
0950,00
0951,00
0952,00
0953,ff
0954,ff
0955,ff
0956,ff
0957,fe
0958,00
0959,00
095a,00
095b,00
095c,00
095d,00
095e,00
095f,00
0960,00
0961,00
0962,00
0963,00
0964,00
0965,0c
0966,7f
0967,ff
0968,fc
0969,3c
096a,02
096b,00
096c,38
096d,0e
096e,00
096f,38
0970,00
0971,00
0972,00
0973,fe
0974,ff
0975,ff
0976,ff
0977,e0
0978,00
0979,00
097a,00
097b,00
097c,00
097d,00
097e,00
097f,00
0980,00
0981,00
0982,00
0983,00
0984,00
0985,18
0986,7f
0987,ff
0988,fe
0989,1c
098a,06
098b,00
098c,70
098d,0f
098e,00
098f,78
0990,00
0991,00
0992,00
0993,f8
0994,7f
0995,ff
0996,fe
0997,00
0998,00
0999,00
099a,00
099b,00
099c,00
099d,00
099e,00
099f,00
09a0,00
09a1,00
09a2,00
09a3,00
09a4,00
09a5,00
09a6,7f
09a7,ff
09a8,bf
09a9,0f
09aa,04
09ab,01
09ac,e0
09ad,07
09ae,80
09af,70
09b0,c0
09b1,00
09b2,00
09b3,f8
09b4,3f
09b5,ff
09b6,e0
09b7,00
09b8,00
09b9,00
09ba,00
09bb,00
09bc,00
09bd,00
09be,00
09bf,00
09c0,00
09c1,00
09c2,00
09c3,00
09c4,00
09c5,00
09c6,7f
09c7,df
09c8,1f
09c9,c7
09ca,ff
09cb,03
09cc,c0
09cd,07
09ce,10
09cf,f1
09d0,f0
09d1,00
09d2,00
09d3,78
09d4,3f
09d5,fc
09d6,00
09d7,00
09d8,00
09d9,00
09da,00
09db,00
09dc,00
09dd,00
09de,00
09df,00
09e0,00
09e1,00
09e2,00
09e3,00
09e4,00
09e5,00
09e6,fb
09e7,df
09e8,87
09e9,e7
09ea,ff
09eb,ff
09ec,80
09ed,0f
09ee,18
09ef,f3
09f0,fc
09f1,00
09f2,00
09f3,78
09f4,3f
09f5,e0
09f6,00
09f7,00
09f8,00
09f9,00
09fa,00
09fb,00
09fc,00
09fd,00
09fe,00
09ff,00
0a00,00
0a01,00
0a02,00
0a03,00
0a04,00
0a05,00
0a06,fb
0a07,df
0a08,c1
0a09,f0
0a0a,ff
0a0b,ff
0a0c,00
0a0d,0f
0a0e,19
0a0f,ff
0a10,ff
0a11,00
0a12,00
0a13,78
0a14,3f
0a15,e0
0a16,00
0a17,00
0a18,00
0a19,00
0a1a,00
0a1b,00
0a1c,00
0a1d,00
0a1e,00
0a1f,00
0a20,00
0a21,00
0a22,00
0a23,00
0a24,00
0a25,00
0a26,79
0a27,c7
0a28,e0
0a29,38
0a2a,00
0a2b,7e
0a2c,00
0a2d,0e
0a2e,3f
0a2f,ff
0a30,ff
0a31,80
0a32,00
0a33,78
0a34,3f
0a35,e0
0a36,00
0a37,00
0a38,00
0a39,00
0a3a,00
0a3b,00
0a3c,00
0a3d,00
0a3e,00
0a3f,00
0a40,00
0a41,00
0a42,00
0a43,00
0a44,00
0a45,00
0a46,f9
0a47,c1
0a48,f0
0a49,0c
0a4a,00
0a4b,00
0a4c,00
0a4d,1e
0a4e,3f
0a4f,ff
0a50,ff
0a51,e0
0a52,00
0a53,78
0a54,1f
0a55,e0
0a56,00
0a57,00
0a58,00
0a59,00
0a5a,00
0a5b,00
0a5c,00
0a5d,00
0a5e,00
0a5f,00
0a60,00
0a61,00
0a62,00
0a63,00
0a64,00
0a65,01
0a66,3d
0a67,c0
0a68,38
0a69,00
0a6a,00
0a6b,00
0a6c,00
0a6d,1e
0a6e,7f
0a6f,ff
0a70,3f
0a71,f8
0a72,00
0a73,3c
0a74,1f
0a75,f0
0a76,00
0a77,00
0a78,00
0a79,00
0a7a,00
0a7b,00
0a7c,00
0a7d,00
0a7e,00
0a7f,00
0a80,00
0a81,00
0a82,00
0a83,00
0a84,00
0a85,02
0a86,1c
0a87,e0
0a88,0c
0a89,00
0a8a,00
0a8b,00
0a8c,00
0a8d,3e
0a8e,ff
0a8f,fe
0a90,07
0a91,f8
0a92,00
0a93,3c
0a94,1f
0a95,f0
0a96,00
0a97,00
0a98,00
0a99,00
0a9a,00
0a9b,00
0a9c,00
0a9d,00
0a9e,00
0a9f,00
0aa0,00
0aa1,00
0aa2,00
0aa3,00
0aa4,00
0aa5,06
0aa6,0e
0aa7,60
0aa8,00
0aa9,00
0aaa,00
0aab,00
0aac,04
0aad,7f
0aae,ff
0aaf,fc
0ab0,fb
0ab1,fc
0ab2,00
0ab3,3c
0ab4,7f
0ab5,f0
0ab6,00
0ab7,00
0ab8,00
0ab9,00
0aba,00
0abb,00
0abc,00
0abd,00
0abe,00
0abf,00
0ac0,00
0ac1,00
0ac2,00
0ac3,00
0ac4,00
0ac5,0c
0ac6,0f
0ac7,30
0ac8,00
0ac9,30
0aca,00
0acb,00
0acc,0c
0acd,7f
0ace,df
0acf,f9
0ad0,ff
0ad1,fc
0ad2,00
0ad3,3f
0ad4,ff
0ad5,f0
0ad6,00
0ad7,00
0ad8,00
0ad9,00
0ada,00
0adb,00
0adc,00
0add,00
0ade,00
0adf,00
0ae0,00
0ae1,00
0ae2,00
0ae3,00
0ae4,00
0ae5,18
0ae6,07
0ae7,91
0ae8,00
0ae9,38
0aea,00
0aeb,00
0aec,1c
0aed,ff
0aee,ff
0aef,ff
0af0,ff
0af1,9e
0af2,00
0af3,3f
0af4,ff
0af5,f0
0af6,00
0af7,00
0af8,00
0af9,00
0afa,00
0afb,00
0afc,00
0afd,00
0afe,00
0aff,00
0b00,00
0b01,00
0b02,00
0b03,00
0b04,00
0b05,10
0b06,03
0b07,c1
0b08,80
0b09,7f
0b0a,00
0b0b,00
0b0c,3f
0b0d,ff
0b0e,ff
0b0f,ff
0b10,ff
0b11,9e
0b12,00
0b13,3f
0b14,ff
0b15,f8
0b16,00
0b17,00
0b18,00
0b19,00
0b1a,00
0b1b,00
0b1c,00
0b1d,00
0b1e,00
0b1f,00
0b20,00
0b21,00
0b22,00
0b23,00
0b24,00
0b25,00
0b26,01
0b27,f1
0b28,c0
0b29,7f
0b2a,fe
0b2b,30
0b2c,ff
0b2d,ff
0b2e,ff
0b2f,ff
0b30,ff
0b31,0e
0b32,00
0b33,1f
0b34,ff
0b35,f8
0b36,00
0b37,00
0b38,00
0b39,00
0b3a,00
0b3b,00
0b3c,00
0b3d,00
0b3e,00
0b3f,00
0b40,00
0b41,00
0b42,00
0b43,00
0b44,00
0b45,00
0b46,00
0b47,fb
0b48,f0
0b49,7f
0b4a,fe
0b4b,f3
0b4c,ff
0b4d,ff
0b4e,ff
0b4f,ff
0b50,fc
0b51,0f
0b52,00
0b53,1f
0b54,ff
0b55,f8
0b56,00
0b57,00
0b58,00
0b59,00
0b5a,00
0b5b,00
0b5c,00
0b5d,00
0b5e,00
0b5f,00
0b60,00
0b61,00
0b62,00
0b63,00
0b64,00
0b65,00
0b66,00
0b67,7f
0b68,fc
0b69,ff
0b6a,ff
0b6b,ff
0b6c,ff
0b6d,ff
0b6e,ff
0b6f,ff
0b70,f0
0b71,1f
0b72,00
0b73,1f
0b74,ff
0b75,f8
0b76,00
0b77,00
0b78,00
0b79,00
0b7a,00
0b7b,00
0b7c,00
0b7d,00
0b7e,00
0b7f,00
0b80,00
0b81,00
0b82,00
0b83,00
0b84,00
0b85,00
0b86,00
0b87,3f
0b88,ff
0b89,ff
0b8a,ff
0b8b,ff
0b8c,ff
0b8d,ff
0b8e,ff
0b8f,ff
0b90,c0
0b91,ff
0b92,80
0b93,1f
0b94,ff
0b95,fc
0b96,00
0b97,00
0b98,00
0b99,00
0b9a,00
0b9b,00
0b9c,00
0b9d,00
0b9e,00
0b9f,00
0ba0,00
0ba1,00
0ba2,00
0ba3,00
0ba4,00
0ba5,00
0ba6,00
0ba7,1f
0ba8,cf
0ba9,ff
0baa,ff
0bab,ff
0bac,ff
0bad,ff
0bae,ff
0baf,ff
0bb0,0f
0bb1,ff
0bb2,80
0bb3,1f
0bb4,ff
0bb5,fc
0bb6,00
0bb7,00
0bb8,00
0bb9,00
0bba,00
0bbb,00
0bbc,00
0bbd,00
0bbe,00
0bbf,00
0bc0,00
0bc1,00
0bc2,00
0bc3,00
0bc4,00
0bc5,00
0bc6,00
0bc7,0f
0bc8,e7
0bc9,ff
0bca,ff
0bcb,ff
0bcc,ff
0bcd,ff
0bce,ff
0bcf,ff
0bd0,ff
0bd1,ff
0bd2,c0
0bd3,1f
0bd4,ff
0bd5,fc
0bd6,00
0bd7,00
0bd8,00
0bd9,00
0bda,00
0bdb,00
0bdc,00
0bdd,00
0bde,00
0bdf,00
0be0,00
0be1,00
0be2,00
0be3,00
0be4,00
0be5,00
0be6,00
0be7,03
0be8,e1
0be9,ff
0bea,ff
0beb,ff
0bec,ff
0bed,ff
0bee,ff
0bef,ff
0bf0,ff
0bf1,ff
0bf2,c0
0bf3,0f
0bf4,ff
0bf5,fc
0bf6,00
0bf7,00
0bf8,00
0bf9,00
0bfa,00
0bfb,00
0bfc,00
0bfd,00
0bfe,00
0bff,00
0c00,00
0c01,00
0c02,00
0c03,00
0c04,00
0c05,00
0c06,00
0c07,01
0c08,ff
0c09,ff
0c0a,ff
0c0b,ff
0c0c,ff
0c0d,ff
0c0e,ff
0c0f,ff
0c10,ff
0c11,ff
0c12,e0
0c13,0f
0c14,ff
0c15,fe
0c16,00
0c17,00
0c18,00
0c19,00
0c1a,00
0c1b,00
0c1c,00
0c1d,00
0c1e,00
0c1f,00
0c20,00
0c21,00
0c22,00
0c23,00
0c24,00
0c25,00
0c26,00
0c27,03
0c28,ff
0c29,ff
0c2a,ff
0c2b,ff
0c2c,ff
0c2d,df
0c2e,ff
0c2f,ff
0c30,ff
0c31,ff
0c32,e0
0c33,0f
0c34,ff
0c35,fe
0c36,00
0c37,00
0c38,00
0c39,00
0c3a,00
0c3b,00
0c3c,00
0c3d,00
0c3e,00
0c3f,00
0c40,00
0c41,00
0c42,00
0c43,00
0c44,00
0c45,00
0c46,00
0c47,1f
0c48,ff
0c49,ff
0c4a,ff
0c4b,ff
0c4c,ff
0c4d,df
0c4e,ff
0c4f,ff
0c50,ff
0c51,ff
0c52,f0
0c53,0f
0c54,ff
0c55,fe
0c56,00
0c57,00
0c58,00
0c59,00
0c5a,00
0c5b,00
0c5c,00
0c5d,00
0c5e,00
0c5f,00
0c60,00
0c61,00
0c62,00
0c63,00
0c64,00
0c65,00
0c66,01
0c67,ff
0c68,ff
0c69,ff
0c6a,ff
0c6b,ff
0c6c,ff
0c6d,df
0c6e,ff
0c6f,ff
0c70,ff
0c71,ff
0c72,f0
0c73,0f
0c74,ff
0c75,fe
0c76,00
0c77,00
0c78,00
0c79,00
0c7a,00
0c7b,00
0c7c,00
0c7d,00
0c7e,00
0c7f,00
0c80,00
0c81,00
0c82,00
0c83,00
0c84,00
0c85,00
0c86,0f
0c87,ff
0c88,ff
0c89,ff
0c8a,ff
0c8b,ff
0c8c,ff
0c8d,cf
0c8e,ff
0c8f,ff
0c90,ff
0c91,ff
0c92,f0
0c93,07
0c94,ff
0c95,ff
0c96,f8
0c97,00
0c98,00
0c99,00
0c9a,00
0c9b,00
0c9c,00
0c9d,00
0c9e,00
0c9f,00
0ca0,00
0ca1,00
0ca2,00
0ca3,00
0ca4,00
0ca5,00
0ca6,ff
0ca7,ff
0ca8,ff
0ca9,ff
0caa,ff
0cab,ff
0cac,ff
0cad,cf
0cae,ff
0caf,ff
0cb0,ff
0cb1,ff
0cb2,f8
0cb3,07
0cb4,ff
0cb5,ff
0cb6,ff
0cb7,fc
0cb8,00
0cb9,00
0cba,00
0cbb,00
0cbc,00
0cbd,00
0cbe,00
0cbf,00
0cc0,00
0cc1,00
0cc2,00
0cc3,00
0cc4,00
0cc5,0f
0cc6,ff
0cc7,ff
0cc8,ff
0cc9,ff
0cca,ff
0ccb,ff
0ccc,fe
0ccd,0f
0cce,ff
0ccf,ff
0cd0,ff
0cd1,ff
0cd2,f0
0cd3,07
0cd4,ff
0cd5,ff
0cd6,ff
0cd7,ff
0cd8,fe
0cd9,00
0cda,00
0cdb,00
0cdc,00
0cdd,00
0cde,00
0cdf,00
0ce0,00
0ce1,00
0ce2,00
0ce3,00
0ce4,00
0ce5,7f
0ce6,ff
0ce7,ff
0ce8,ff
0ce9,ff
0cea,ff
0ceb,ff
0cec,fc
0ced,0f
0cee,ff
0cef,ff
0cf0,ff
0cf1,ff
0cf2,f0
0cf3,07
0cf4,ff
0cf5,ff
0cf6,ff
0cf7,ff
0cf8,ff
0cf9,ff
0cfa,00
0cfb,00
0cfc,00
0cfd,00
0cfe,00
0cff,00
0d00,00
0d01,00
0d02,00
0d03,00
0d04,03
0d05,ff
0d06,ff
0d07,ff
0d08,ff
0d09,ff
0d0a,ff
0d0b,ff
0d0c,f8
0d0d,0f
0d0e,ff
0d0f,ff
0d10,ff
0d11,ff
0d12,e0
0d13,07
0d14,ff
0d15,ff
0d16,ff
0d17,ff
0d18,ff
0d19,ff
0d1a,e0
0d1b,00
0d1c,00
0d1d,00
0d1e,00
0d1f,00
0d20,00
0d21,00
0d22,00
0d23,00
0d24,07
0d25,ff
0d26,f7
0d27,ff
0d28,ff
0d29,ff
0d2a,ff
0d2b,ff
0d2c,f8
0d2d,1f
0d2e,ff
0d2f,f8
0d30,ff
0d31,ff
0d32,e0
0d33,03
0d34,ff
0d35,ff
0d36,ff
0d37,e3
0d38,ff
0d39,ff
0d3a,f0
0d3b,00
0d3c,00
0d3d,00
0d3e,00
0d3f,00
0d40,00
0d41,00
0d42,00
0d43,00
0d44,07
0d45,ff
0d46,8f
0d47,ff
0d48,ff
0d49,ff
0d4a,ff
0d4b,ff
0d4c,f0
0d4d,3f
0d4e,ff
0d4f,f0
0d50,ff
0d51,ff
0d52,c0
0d53,03
0d54,ff
0d55,ff
0d56,ff
0d57,f3
0d58,ff
0d59,ff
0d5a,fc
0d5b,00
0d5c,00
0d5d,00
0d5e,00
0d5f,00
0d60,00
0d61,00
0d62,00
0d63,00
0d64,0f
0d65,fe
0d66,3f
0d67,ff
0d68,ff
0d69,ff
0d6a,ff
0d6b,ff
0d6c,e0
0d6d,ff
0d6e,ff
0d6f,c0
0d70,ff
0d71,ff
0d72,c0
0d73,03
0d74,ff
0d75,ff
0d76,ff
0d77,ff
0d78,ff
0d79,87
0d7a,fe
0d7b,00
0d7c,00
0d7d,00
0d7e,00
0d7f,00
0d80,00
0d81,00
0d82,00
0d83,00
0d84,0f
0d85,f0
0d86,ff
0d87,ff
0d88,ff
0d89,ff
0d8a,ff
0d8b,ff
0d8c,c1
0d8d,ff
0d8e,ff
0d8f,01
0d90,ff
0d91,ff
0d92,c0
0d93,01
0d94,ff
0d95,ff
0d96,ff
0d97,ff
0d98,ff
0d99,80
0d9a,ff
0d9b,00
0d9c,00
0d9d,00
0d9e,00
0d9f,00
0da0,00
0da1,00
0da2,00
0da3,00
0da4,0f
0da5,c3
0da6,ff
0da7,ff
0da8,ff
0da9,ff
0daa,ff
0dab,ff
0dac,87
0dad,ff
0dae,fb
0daf,87
0db0,ff
0db1,ff
0db2,80
0db3,01
0db4,ff
0db5,ff
0db6,ff
0db7,ff
0db8,ff
0db9,80
0dba,3f
0dbb,80
0dbc,00
0dbd,00
0dbe,00
0dbf,00
0dc0,00
0dc1,00
0dc2,00
0dc3,00
0dc4,0f
0dc5,8f
0dc6,ff
0dc7,ff
0dc8,ff
0dc9,ff
0dca,ff
0dcb,fc
0dcc,0f
0dcd,ff
0dce,e1
0dcf,87
0dd0,ff
0dd1,ff
0dd2,80
0dd3,00
0dd4,ff
0dd5,ff
0dd6,ff
0dd7,ff
0dd8,ff
0dd9,e0
0dda,0f
0ddb,c0
0ddc,00
0ddd,00
0dde,00
0ddf,00
0de0,00
0de1,00
0de2,00
0de3,00
0de4,1f
0de5,9f
0de6,ff
0de7,ff
0de8,ff
0de9,ff
0dea,ff
0deb,fc
0dec,3f
0ded,ff
0dee,e1
0def,87
0df0,fc
0df1,0f
0df2,80
0df3,00
0df4,ff
0df5,ff
0df6,ff
0df7,ff
0df8,ff
0df9,fc
0dfa,07
0dfb,c0
0dfc,00
0dfd,00
0dfe,00
0dff,00
0e00,00
0e01,00
0e02,00
0e03,00
0e04,1f
0e05,9f
0e06,ff
0e07,ff
0e08,ff
0e09,ff
0e0a,ff
0e0b,ff
0e0c,ff
0e0d,f8
0e0e,31
0e0f,c7
0e10,f0
0e11,27
0e12,e0
0e13,00
0e14,7f
0e15,ff
0e16,ff
0e17,ff
0e18,ff
0e19,ff
0e1a,87
0e1b,e0
0e1c,00
0e1d,00
0e1e,00
0e1f,00
0e20,00
0e21,00
0e22,00
0e23,00
0e24,1f
0e25,3f
0e26,ff
0e27,ff
0e28,ff
0e29,ff
0e2a,ff
0e2b,ff
0e2c,ff
0e2d,e0
0e2e,30
0e2f,c2
0e30,7f
0e31,ff
0e32,f0
0e33,00
0e34,3f
0e35,ff
0e36,ff
0e37,ff
0e38,ff
0e39,ff
0e3a,c3
0e3b,e0
0e3c,00
0e3d,00
0e3e,00
0e3f,00
0e40,00
0e41,00
0e42,00
0e43,00
0e44,1f
0e45,3f
0e46,ff
0e47,f3
0e48,ff
0e49,ff
0e4a,ff
0e4b,ff
0e4c,ff
0e4d,80
0e4e,10
0e4f,c0
0e50,7f
0e51,ff
0e52,f8
0e53,00
0e54,1f
0e55,ff
0e56,ff
0e57,ff
0e58,ff
0e59,ff
0e5a,e1
0e5b,f0
0e5c,00
0e5d,00
0e5e,00
0e5f,00
0e60,00
0e61,00
0e62,00
0e63,00
0e64,3f
0e65,7f
0e66,ff
0e67,0f
0e68,ff
0e69,ff
0e6a,ff
0e6b,ff
0e6c,fd
0e6d,c2
0e6e,18
0e6f,e0
0e70,7f
0e71,ff
0e72,fc
0e73,00
0e74,0f
0e75,ff
0e76,ff
0e77,ff
0e78,ff
0e79,ff
0e7a,e1
0e7b,f0
0e7c,00
0e7d,00
0e7e,00
0e7f,00
0e80,00
0e81,00
0e82,00
0e83,00
0e84,3f
0e85,7f
0e86,f0
0e87,7f
0e88,ff
0e89,ff
0e8a,ff
0e8b,ff
0e8c,f0
0e8d,c7
0e8e,18
0e8f,61
0e90,ff
0e91,ff
0e92,fe
0e93,00
0e94,07
0e95,ff
0e96,ff
0e97,ff
0e98,ff
0e99,ff
0e9a,e1
0e9b,f0
0e9c,00
0e9d,00
0e9e,00
0e9f,00
0ea0,00
0ea1,00
0ea2,00
0ea3,00
0ea4,3f
0ea5,ff
0ea6,03
0ea7,ff
0ea8,ff
0ea9,ff
0eaa,ff
0eab,ff
0eac,70
0ead,c7
0eae,0c
0eaf,61
0eb0,ff
0eb1,ff
0eb2,fe
0eb3,00
0eb4,01
0eb5,ff
0eb6,ff
0eb7,ff
0eb8,ff
0eb9,ff
0eba,f1
0ebb,f0
0ebc,00
0ebd,00
0ebe,00
0ebf,00
0ec0,00
0ec1,00
0ec2,00
0ec3,00
0ec4,3f
0ec5,fc
0ec6,1f
0ec7,ff
0ec8,ff
0ec9,ff
0eca,ff
0ecb,f8
0ecc,70
0ecd,e3
0ece,0c
0ecf,71
0ed0,ff
0ed1,ff
0ed2,ff
0ed3,00
0ed4,00
0ed5,1f
0ed6,ff
0ed7,ff
0ed8,ff
0ed9,ff
0eda,f9
0edb,f0
0edc,00
0edd,00
0ede,00
0edf,00
0ee0,00
0ee1,00
0ee2,00
0ee3,00
0ee4,3f
0ee5,f8
0ee6,7f
0ee7,ff
0ee8,ff
0ee9,ff
0eea,ff
0eeb,f8
0eec,78
0eed,62
0eee,1c
0eef,31
0ef0,df
0ef1,ff
0ef2,ff
0ef3,80
0ef4,00
0ef5,00
0ef6,00
0ef7,07
0ef8,ff
0ef9,ff
0efa,fd
0efb,f0
0efc,00
0efd,00
0efe,00
0eff,00
0f00,00
0f01,00
0f02,00
0f03,00
0f04,7f
0f05,f8
0f06,ff
0f07,ff
0f08,ff
0f09,ff
0f0a,fc
0f0b,7c
0f0c,38
0f0d,60
0f0e,1e
0f0f,30
0f10,1e
0f11,01
0f12,ff
0f13,80
0f14,00
0f15,00
0f16,00
0f17,1f
0f18,ff
0f19,ff
0f1a,ff
0f1b,f0
0f1c,00
0f1d,00
0f1e,00
0f1f,00
0f20,00
0f21,00
0f22,00
0f23,00
0f24,7f
0f25,f9
0f26,ff
0f27,ff
0f28,ff
0f29,ff
0f2a,f0
0f2b,7c
0f2c,38
0f2d,70
0f2e,06
0f2f,18
0f30,1f
0f31,00
0f32,7f
0f33,c0
0f34,00
0f35,00
0f36,01
0f37,ff
0f38,ff
0f39,fc
0f3a,1f
0f3b,f0
0f3c,00
0f3d,00
0f3e,00
0f3f,00
0f40,00
0f41,00
0f42,00
0f43,00
0f44,7f
0f45,fb
0f46,ff
0f47,ff
0f48,ff
0f49,e1
0f4a,f0
0f4b,3c
0f4c,1c
0f4d,30
0f4e,06
0f4f,18
0f50,1f
0f51,ff
0f52,1f
0f53,c0
0f54,00
0f55,00
0f56,0f
0f57,ff
0f58,ff
0f59,e0
0f5a,1f
0f5b,f0
0f5c,00
0f5d,00
0f5e,00
0f5f,00
0f60,00
0f61,00
0f62,00
0f63,00
0f64,7f
0f65,f3
0f66,ff
0f67,ff
0f68,ff
0f69,00
0f6a,f0
0f6b,3e
0f6c,1c
0f6d,30
0f6e,c3
0f6f,18
0f70,1f
0f71,ff
0f72,ff
0f73,e0
0f74,00
0f75,00
0f76,7f
0f77,ff
0f78,ff
0f79,00
0f7a,0f
0f7b,f0
0f7c,00
0f7d,00
0f7e,00
0f7f,00
0f80,00
0f81,00
0f82,00
0f83,00
0f84,ff
0f85,ff
0f86,ff
0f87,ff
0f88,fc
0f89,03
0f8a,f0
0f8b,1e
0f8c,1c
0f8d,38
0f8e,e3
0f8f,0c
0f90,3f
0f91,ff
0f92,ff
0f93,f0
0f94,00
0f95,07
0f96,ff
0f97,f8
0f98,1e
0f99,00
0f9a,07
0f9b,f0
0f9c,00
0f9d,00
0f9e,00
0f9f,00
0fa0,00
0fa1,00
0fa2,00
0fa3,00
0fa4,ff
0fa5,ff
0fa6,ff
0fa7,ff
0fa8,f0
0fa9,3f
0faa,f0
0fab,0e
0fac,0e
0fad,18
0fae,e3
0faf,0c
0fb0,ff
0fb1,ff
0fb2,ff
0fb3,f8
0fb4,00
0fb5,3f
0fb6,ff
0fb7,e0
0fb8,1e
0fb9,00
0fba,03
0fbb,e0
0fbc,00
0fbd,00
0fbe,00
0fbf,00
0fc0,00
0fc1,00
0fc2,00
0fc3,00
0fc4,ff
0fc5,ff
0fc6,ff
0fc7,ff
0fc8,c0
0fc9,ff
0fca,f1
0fcb,0f
0fcc,0e
0fcd,18
0fce,61
0fcf,8f
0fd0,ff
0fd1,ff
0fd2,ff
0fd3,fe
0fd4,00
0fd5,ff
0fd6,ff
0fd7,00
0fd8,1c
0fd9,00
0fda,01
0fdb,e0
0fdc,00
0fdd,00
0fde,00
0fdf,00
0fe0,00
0fe1,00
0fe2,00
0fe3,00
0fe4,ff
0fe5,ff
0fe6,ff
0fe7,ff
0fe8,81
0fe9,ff
0fea,f1
0feb,87
0fec,0e
0fed,1c
0fee,61
0fef,ff
0ff0,ff
0ff1,ff
0ff2,ff
0ff3,ff
0ff4,81
0ff5,ff
0ff6,f8
0ff7,00
0ff8,3c
0ff9,00
0ffa,00
0ffb,f0
0ffc,00
0ffd,00
0ffe,00
0fff,00
1000,00
1001,00
1002,00
1003,00
1004,ff
1005,ff
1006,ff
1007,fe
1008,07
1009,ff
100a,f1
100b,87
100c,87
100d,0c
100e,03
100f,ff
1010,ff
1011,ff
1012,ff
1013,ff
1014,c7
1015,ff
1016,c0
1017,00
1018,38
1019,00
101a,00
101b,78
101c,00
101d,00
101e,00
101f,00
1020,00
1021,00
1022,00
1023,0f
1024,ff
1025,ff
1026,ff
1027,f8
1028,1f
1029,ff
102a,f9
102b,c3
102c,87
102d,0c
102e,3f
102f,ff
1030,ff
1031,ff
1032,fe
1033,1f
1034,cf
1035,ff
1036,00
1037,00
1038,70
1039,00
103a,00
103b,7c
103c,00
103d,00
103e,00
103f,00
1040,00
1041,00
1042,00
1043,7f
1044,ff
1045,ff
1046,ff
1047,e0
1048,3f
1049,ff
104a,f9
104b,c3
104c,80
104d,0f
104e,ff
104f,ff
1050,ff
1051,ff
1052,ff
1053,8f
1054,df
1055,f8
1056,00
1057,00
1058,f0
1059,40
105a,00
105b,3e
105c,00
105d,00
105e,00
105f,00
1060,00
1061,00
1062,03
1063,ff
1064,ff
1065,ff
1066,ff
1067,80
1068,ff
1069,ff
106a,fc
106b,81
106c,c0
106d,1f
106e,ff
106f,ff
1070,ff
1071,ff
1072,ff
1073,ef
1074,ff
1075,f0
1076,00
1077,01
1078,e0
1079,c0
107a,00
107b,1f
107c,00
107d,00
107e,00
107f,00
1080,00
1081,00
1082,07
1083,fd
1084,ff
1085,ff
1086,ff
1087,03
1088,ff
1089,ff
108a,fc
108b,00
108c,c0
108d,7f
108e,ff
108f,ff
1090,ff
1091,ff
1092,ff
1093,ef
1094,ff
1095,e0
1096,00
1097,03
1098,c1
1099,80
109a,00
109b,0f
109c,80
109d,00
109e,00
109f,00
10a0,00
10a1,00
10a2,1f
10a3,f0
10a4,ff
10a5,ff
10a6,fe
10a7,07
10a8,ff
10a9,ff
10aa,fe
10ab,00
10ac,e3
10ad,ff
10ae,ff
10af,ff
10b0,ff
10b1,ff
10b2,ff
10b3,ef
10b4,ff
10b5,c0
10b6,00
10b7,0f
10b8,c3
10b9,80
10ba,00
10bb,0f
10bc,80
10bd,00
10be,00
10bf,00
10c0,00
10c1,00
10c2,7f
10c3,e0
10c4,ff
10c5,ff
10c6,fc
10c7,1f
10c8,ff
10c9,ff
10ca,fe
10cb,00
10cc,73
10cd,ff
10ce,ff
10cf,ff
10d0,ff
10d1,ff
10d2,ff
10d3,ff
10d4,ff
10d5,80
10d6,00
10d7,1f
10d8,07
10d9,00
10da,00
10db,07
10dc,c0
10dd,00
10de,00
10df,00
10e0,00
10e1,00
10e2,fc
10e3,60
10e4,ff
10e5,ff
10e6,f8
10e7,3f
10e8,ff
10e9,fc
10ea,ff
10eb,78
10ec,7f
10ed,ff
10ee,ff
10ef,ff
10f0,ff
10f1,ff
10f2,ff
10f3,ff
10f4,ff
10f5,00
10f6,00
10f7,38
10f8,0f
10f9,00
10fa,00
10fb,03
10fc,e0
10fd,00
10fe,00
10ff,00
1100,00
1101,01
1102,f8
1103,60
1104,ff
1105,ff
1106,e0
1107,7f
1108,ff
1109,f8
110a,ff
110b,fb
110c,ff
110d,ff
110e,ff
110f,ff
1110,ff
1111,ff
1112,f1
1113,ff
1114,fe
1115,00
1116,00
1117,e0
1118,1e
1119,00
111a,00
111b,03
111c,f0
111d,00
111e,00
111f,00
1120,00
1121,03
1122,e0
1123,60
1124,ff
1125,ff
1126,e0
1127,ff
1128,ff
1129,f1
112a,ff
112b,ff
112c,ff
112d,ff
112e,ff
112f,ff
1130,ff
1131,ff
1132,81
1133,ff
1134,fc
1135,00
1136,01
1137,00
1138,7e
1139,00
113a,00
113b,01
113c,f0
113d,00
113e,00
113f,00
1140,00
1141,07
1142,c0
1143,60
1144,ff
1145,ff
1146,f0
1147,ff
1148,ff
1149,c3
114a,ff
114b,ff
114c,ff
114d,ff
114e,ff
114f,ff
1150,ff
1151,fe
1152,01
1153,ff
1154,f8
1155,00
1156,00
1157,00
1158,fc
1159,00
115a,00
115b,01
115c,f0
115d,00
115e,00
115f,00
1160,00
1161,0f
1162,80
1163,60
1164,ff
1165,ff
1166,f9
1167,ff
1168,ff
1169,83
116a,ff
116b,ff
116c,ff
116d,ff
116e,ff
116f,ff
1170,ff
1171,fc
1172,07
1173,ff
1174,f8
1175,00
1176,00
1177,01
1178,fc
1179,00
117a,00
117b,01
117c,f0
117d,00
117e,00
117f,00
1180,00
1181,1f
1182,00
1183,60
1184,ff
1185,bf
1186,f3
1187,ff
1188,ff
1189,0f
118a,fc
118b,ff
118c,ff
118d,ff
118e,c3
118f,ff
1190,e0
1191,fc
1192,df
1193,ff
1194,f0
1195,00
1196,00
1197,01
1198,f8
1199,00
119a,00
119b,01
119c,f0
119d,00
119e,00
119f,00
11a0,00
11a1,3e
11a2,00
11a3,60
11a4,ff
11a5,9f
11a6,ff
11a7,ff
11a8,fe
11a9,1f
11aa,fc
11ab,ff
11ac,ff
11ad,ff
11ae,c0
11af,fe
11b0,00
11b1,fc
11b2,df
11b3,ff
11b4,f0
11b5,00
11b6,00
11b7,03
11b8,f8
11b9,10
11ba,00
11bb,01
11bc,f0
11bd,00
11be,00
11bf,00
11c0,00
11c1,7c
11c2,00
11c3,60
11c4,ff
11c5,8f
11c6,ff
11c7,ff
11c8,fc
11c9,3f
11ca,fc
11cb,00
11cc,07
11cd,ff
11ce,80
11cf,fe
11d0,00
11d1,fc
11d2,bf
11d3,ff
11d4,70
11d5,00
11d6,00
11d7,83
11d8,f0
11d9,f0
11da,00
11db,01
11dc,f0
11dd,00
11de,00
11df,00
11e0,00
11e1,78
11e2,00
11e3,60
11e4,ff
11e5,87
11e6,ff
11e7,ff
11e8,f8
11e9,7f
11ea,fc
11eb,00
11ec,01
11ed,ff
11ee,f1
11ef,fe
11f0,01
11f1,fd
11f2,bf
11f3,fe
11f4,30
11f5,00
11f6,01
11f7,e7
11f8,f7
11f9,e0
11fa,00
11fb,01
11fc,f0
11fd,00
11fe,00
11ff,00
1200,00
1201,f8
1202,00
1203,60
1204,ff
1205,87
1206,7f
1207,ff
1208,e0
1209,ff
120a,fc
120b,00
120c,00
120d,7f
120e,ff
120f,fc
1210,01
1211,ff
1212,ff
1213,fe
1214,30
1215,00
1216,03
1217,ff
1218,ff
1219,e0
121a,00
121b,01
121c,f0
121d,00
121e,00
121f,00
1220,01
1221,f0
1222,00
1223,60
1224,ff
1225,87
1226,7f
1227,ff
1228,c1
1229,ff
122a,fe
122b,00
122c,00
122d,1f
122e,ff
122f,fe
1230,0f
1231,ff
1232,ff
1233,fe
1234,00
1235,00
1236,0f
1237,ff
1238,ff
1239,c0
123a,00
123b,01
123c,f0
123d,00
123e,00
123f,00
1240,01
1241,e0
1242,00
1243,60
1244,ff
1245,87
1246,7f
1247,ff
1248,83
1249,ff
124a,fe
124b,00
124c,00
124d,07
124e,ff
124f,ff
1250,ff
1251,ff
1252,ff
1253,fe
1254,00
1255,00
1256,1f
1257,ff
1258,ff
1259,80
125a,00
125b,01
125c,f0
125d,00
125e,00
125f,00
1260,03
1261,e0
1262,00
1263,60
1264,ff
1265,87
1266,7f
1267,ff
1268,87
1269,ff
126a,fe
126b,30
126c,1f
126d,81
126e,ff
126f,ff
1270,ff
1271,ff
1272,ff
1273,f8
1274,00
1275,00
1276,3f
1277,ff
1278,ff
1279,80
127a,00
127b,01
127c,f0
127d,00
127e,00
127f,00
1280,03
1281,e0
1282,00
1283,60
1284,ff
1285,87
1286,7f
1287,ff
1288,0f
1289,ff
128a,ff
128b,3c
128c,1f
128d,c0
128e,7f
128f,ff
1290,ff
1291,ff
1292,ff
1293,e0
1294,00
1295,00
1296,7f
1297,ff
1298,ff
1299,81
129a,c0
129b,01
129c,f0
129d,00
129e,00
129f,00
12a0,07
12a1,c0
12a2,00
12a3,60
12a4,ff
12a5,87
12a6,3f
12a7,fe
12a8,1f
12a9,ff
12aa,ff
12ab,fc
12ac,0f
12ad,e0
12ae,3f
12af,ff
12b0,ff
12b1,ff
12b2,ff
12b3,c0
12b4,00
12b5,00
12b6,ff
12b7,9f
12b8,ff
12b9,ff
12ba,80
12bb,01
12bc,f0
12bd,00
12be,00
12bf,00
12c0,07
12c1,c0
12c2,00
12c3,60
12c4,ff
12c5,87
12c6,07
12c7,fc
12c8,3f
12c9,ff
12ca,ff
12cb,fc
12cc,1f
12cd,fc
12ce,3f
12cf,ff
12d0,ff
12d1,ff
12d2,ff
12d3,80
12d4,3f
12d5,ff
12d6,ff
12d7,0f
12d8,ff
12d9,fe
12da,00
12db,03
12dc,f0
12dd,00
12de,00
12df,00
12e0,07
12e1,c0
12e2,00
12e3,60
12e4,ff
12e5,87
12e6,01
12e7,fc
12e8,7f
12e9,ff
12ea,ff
12eb,fe
12ec,ff
12ed,ff
12ee,df
12ef,e1
12f0,ff
12f1,ff
12f2,ff
12f3,00
12f4,3f
12f5,ff
12f6,ff
12f7,c7
12f8,ff
12f9,f8
12fa,00
12fb,1f
12fc,f0
12fd,00
12fe,00
12ff,00
1300,0f
1301,80
1302,00
1303,60
1304,ff
1305,87
1306,00
1307,fe
1308,ff
1309,ff
130a,ff
130b,ff
130c,ff
130d,ff
130e,ff
130f,ff
1310,ff
1311,ff
1312,ff
1313,00
1314,3f
1315,ff
1316,ff
1317,e3
1318,ff
1319,e0
131a,00
131b,7f
131c,f0
131d,00
131e,00
131f,00
1320,0f
1321,80
1322,00
1323,60
1324,ff
1325,87
1326,00
1327,7f
1328,ff
1329,ff
132a,ff
132b,ff
132c,ff
132d,ff
132e,ff
132f,ff
1330,ff
1331,ff
1332,fe
1333,00
1334,3f
1335,ff
1336,ff
1337,e1
1338,f9
1339,e0
133a,01
133b,ff
133c,f0
133d,00
133e,00
133f,00
1340,0f
1341,80
1342,00
1343,60
1344,ff
1345,87
1346,00
1347,7f
1348,ff
1349,ff
134a,ff
134b,ff
134c,ff
134d,ff
134e,ff
134f,ff
1350,ff
1351,ff
1352,fe
1353,00
1354,3f
1355,ff
1356,ff
1357,e0
1358,f8
1359,f0
135a,07
135b,ff
135c,f0
135d,00
135e,00
135f,00
1360,1f
1361,80
1362,00
1363,60
1364,ff
1365,87
1366,00
1367,3f
1368,ff
1369,ff
136a,ff
136b,ff
136c,ff
136d,ff
136e,ff
136f,ff
1370,ff
1371,ff
1372,fc
1373,00
1374,3f
1375,80
1376,01
1377,e0
1378,7c
1379,ff
137a,ff
137b,ff
137c,c0
137d,00
137e,00
137f,00
1380,1f
1381,80
1382,00
1383,60
1384,ff
1385,87
1386,00
1387,1f
1388,ff
1389,ff
138a,ff
138b,ff
138c,ff
138d,ff
138e,ff
138f,ff
1390,ff
1391,ff
1392,f8
1393,00
1394,3f
1395,f8
1396,01
1397,e0
1398,3e
1399,7f
139a,ff
139b,ff
139c,00
139d,00
139e,00
139f,00
13a0,1f
13a1,00
13a2,00
13a3,60
13a4,ff
13a5,87
13a6,00
13a7,1f
13a8,ff
13a9,ff
13aa,ff
13ab,ff
13ac,ff
13ad,ff
13ae,ff
13af,ff
13b0,ff
13b1,ff
13b2,f0
13b3,00
13b4,ff
13b5,fc
13b6,1d
13b7,e0
13b8,1f
13b9,3f
13ba,ff
13bb,ff
13bc,00
13bd,00
13be,00
13bf,00
13c0,1f
13c1,00
13c2,00
13c3,60
13c4,ff
13c5,87
13c6,04
13c7,0f
13c8,ff
13c9,ff
13ca,ff
13cb,ff
13cc,ff
13cd,ff
13ce,ff
13cf,ff
13d0,ff
13d1,ff
13d2,c0
13d3,1f
13d4,ff
13d5,fe
13d6,3d
13d7,e3
13d8,cf
13d9,9f
13da,ff
13db,ff
13dc,00
13dd,00
13de,00
13df,00
13e0,1f
13e1,07
13e2,ff
13e3,f1
13e4,ff
13e5,c7
13e6,0f
13e7,ef
13e8,ff
13e9,ff
13ea,ff
13eb,ff
13ec,ff
13ed,ff
13ee,ff
13ef,ff
13f0,ff
13f1,ff
13f2,01
13f3,ff
13f4,ff
13f5,fe
13f6,3d
13f7,e3
13f8,c7
13f9,cf
13fa,ff
13fb,c7
13fc,00
13fd,00
13fe,00
13ff,00
1400,1f
1401,ff
1402,ff
1403,ff
1404,ff
1405,ff
1406,ff
1407,ff
1408,ff
1409,ff
140a,ff
140b,ff
140c,ff
140d,ff
140e,ff
140f,ff
1410,ff
1411,fc
1412,01
1413,ff
1414,ff
1415,0f
1416,3d
1417,e1
1418,c7
1419,87
141a,ff
141b,87
141c,80
141d,00
141e,00
141f,00
1420,1f
1421,ff
1422,ff
1423,ff
1424,ff
1425,ff
1426,ff
1427,ff
1428,ff
1429,ff
142a,ff
142b,ff
142c,ff
142d,ff
142e,ff
142f,ff
1430,ff
1431,f8
1432,01
1433,ff
1434,e0
1435,0f
1436,1d
1437,e1
1438,8f
1439,03
143a,ff
143b,87
143c,80
143d,00
143e,00
143f,00
1440,1f
1441,ff
1442,ff
1443,ff
1444,ff
1445,ff
1446,ff
1447,ff
1448,ff
1449,ff
144a,ff
144b,ff
144c,ff
144d,ff
144e,ff
144f,ff
1450,ff
1451,e0
1452,01
1453,fc
1454,00
1455,07
1456,8d
1457,e1
1458,8f
1459,0f
145a,ff
145b,bf
145c,80
145d,00
145e,00
145f,00
1460,3f
1461,ff
1462,f8
1463,00
1464,3c
1465,00
1466,0f
1467,ff
1468,ff
1469,ff
146a,ff
146b,ff
146c,ff
146d,ff
146e,ff
146f,ff
1470,ff
1471,80
1472,01
1473,f0
1474,01
1475,f7
1476,8d
1477,e1
1478,1e
1479,0f
147a,ff
147b,ff
147c,80
147d,00
147e,00
147f,00
1480,ff
1481,f0
1482,00
1483,00
1484,1c
1485,00
1486,00
1487,0f
1488,ff
1489,ff
148a,ff
148b,ff
148c,ff
148d,ff
148e,ff
148f,ff
1490,ff
1491,00
1492,01
1493,f0
1494,07
1495,e3
1496,c1
1497,e1
1498,3c
1499,0f
149a,ff
149b,ff
149c,c0
149d,00
149e,00
149f,00
14a0,fe
14a1,00
14a2,ff
14a3,ff
14a4,9d
14a5,ff
14a6,ff
14a7,00
14a8,7f
14a9,ff
14aa,ff
14ab,ff
14ac,ff
14ad,ff
14ae,ff
14af,ff
14b0,fc
14b1,00
14b2,01
14b3,f8
14b4,07
14b5,e3
14b6,c1
14b7,e0
14b8,3c
14b9,1f
14ba,ff
14bb,ff
14bc,c0
14bd,00
14be,00
14bf,00
14c0,f0
14c1,3f
14c2,ff
14c3,ff
14c4,9c
14c5,ff
14c6,ff
14c7,fc
14c8,0f
14c9,ff
14ca,ff
14cb,ff
14cc,ff
14cd,ff
14ce,f8
14cf,00
14d0,00
14d1,00
14d2,01
14d3,fc
14d4,03
14d5,e1
14d6,c1
14d7,fc
14d8,78
14d9,3f
14da,ff
14db,ff
14dc,c0
14dd,00
14de,00
14df,00
14e0,c3
14e1,ff
14e2,ff
14e3,ff
14e4,9c
14e5,ff
14e6,ff
14e7,ff
14e8,ef
14e9,ff
14ea,ff
14eb,ff
14ec,ff
14ed,ff
14ee,e0
14ef,00
14f0,60
14f1,00
14f2,01
14f3,fe
14f4,01
14f5,e1
14f6,e1
14f7,ff
14f8,fe
14f9,ff
14fa,ff
14fb,ff
14fc,c0
14fd,00
14fe,00
14ff,00
1500,c7
1501,ff
1502,ff
1503,ff
1504,9c
1505,ff
1506,ff
1507,ff
1508,ef
1509,ff
150a,ff
150b,ff
150c,ff
150d,ff
150e,00
150f,07
1510,fe
1511,00
1512,01
1513,ff
1514,00
1515,e1
1516,ff
1517,ff
1518,ff
1519,ff
151a,ff
151b,ff
151c,c0
151d,00
151e,00
151f,00
1520,e1
1521,ff
1522,ff
1523,ff
1524,9c
1525,ff
1526,ff
1527,ff
1528,cf
1529,ff
152a,ff
152b,ff
152c,ff
152d,fc
152e,00
152f,3f
1530,ff
1531,f0
1532,01
1533,ff
1534,80
1535,61
1536,ff
1537,ff
1538,ff
1539,ff
153a,ff
153b,ff
153c,e0
153d,00
153e,00
153f,00
1540,e1
1541,ff
1542,ff
1543,ff
1544,9c
1545,ff
1546,ff
1547,ff
1548,87
1549,ff
154a,ff
154b,ff
154c,ff
154d,e0
154e,01
154f,ff
1550,ff
1551,ff
1552,01
1553,ff
1554,80
1555,21
1556,ff
1557,ff
1558,ff
1559,ff
155a,ff
155b,ff
155c,e0
155d,00
155e,00
155f,00
1560,e1
1561,ff
1562,ff
1563,ff
1564,9c
1565,ff
1566,ff
1567,ff
1568,87
1569,ff
156a,ff
156b,ff
156c,ff
156d,80
156e,0f
156f,fc
1570,07
1571,ff
1572,f1
1573,ff
1574,c0
1575,01
1576,ff
1577,ff
1578,ff
1579,ff
157a,ff
157b,9f
157c,e0
157d,00
157e,00
157f,00
1580,e1
1581,ff
1582,ff
1583,ff
1584,9c
1585,ff
1586,ff
1587,ff
1588,87
1589,ff
158a,ff
158b,ff
158c,fe
158d,00
158e,7f
158f,e0
1590,00
1591,7f
1592,f1
1593,ff
1594,e0
1595,01
1596,ff
1597,ff
1598,8f
1599,ef
159a,ff
159b,1f
159c,c0
159d,00
159e,00
159f,00
15a0,e1
15a1,ff
15a2,ff
15a3,ff
15a4,9c
15a5,ff
15a6,ff
15a7,ff
15a8,87
15a9,ff
15aa,ff
15ab,ff
15ac,f0
15ad,03
15ae,fe
15af,00
15b0,00
15b1,07
15b2,f1
15b3,ff
15b4,f0
15b5,0f
15b6,ff
15b7,ff
15b8,07
15b9,cf
15ba,ff
15bb,3f
15bc,80
15bd,00
15be,00
15bf,00
15c0,e0
15c1,ff
15c2,ff
15c3,ff
15c4,9c
15c5,ff
15c6,ff
15c7,ff
15c8,87
15c9,ff
15ca,ff
15cb,ff
15cc,c0
15cd,1f
15ce,e0
15cf,00
15d0,00
15d1,07
15d2,f9
15d3,ff
15d4,f8
15d5,ff
15d6,ff
15d7,ff
15d8,01
15d9,87
15da,ff
15db,3f
15dc,00
15dd,00
15de,00
15df,00
15e0,e0
15e1,ff
15e2,ff
15e3,ff
15e4,9c
15e5,ff
15e6,ff
15e7,ff
15e8,87
15e9,ff
15ea,ff
15eb,ff
15ec,00
15ed,00
15ee,00
15ef,00
15f0,00
15f1,ff
15f2,f8
15f3,ff
15f4,ff
15f5,ff
15f6,c1
15f7,f8
15f8,00
15f9,07
15fa,ff
15fb,7e
15fc,00
15fd,00
15fe,00
15ff,00
1600,f0
1601,ff
1602,ff
1603,ff
1604,9c
1605,ff
1606,ff
1607,ff
1608,87
1609,ff
160a,ff
160b,fe
160c,00
160d,00
160e,00
160f,00
1610,1f
1611,ff
1612,fc
1613,7f
1614,ff
1615,ff
1616,c0
1617,f8
1618,00
1619,07
161a,ff
161b,fe
161c,00
161d,00
161e,00
161f,00
1620,f0
1621,ff
1622,ff
1623,ff
1624,9c
1625,ff
1626,ff
1627,ff
1628,87
1629,ff
162a,ff
162b,fe
162c,00
162d,00
162e,00
162f,00
1630,ff
1631,ff
1632,ff
1633,ff
1634,ff
1635,ff
1636,80
1637,f8
1638,00
1639,07
163a,ff
163b,fc
163c,00
163d,00
163e,00
163f,00
1640,f0
1641,ff
1642,ff
1643,ff
1644,9c
1645,ff
1646,ff
1647,ff
1648,87
1649,ff
164a,ff
164b,fc
164c,00
164d,00
164e,00
164f,03
1650,ff
1651,ff
1652,ff
1653,fb
1654,ff
1655,fe
1656,00
1657,78
1658,00
1659,07
165a,ff
165b,f8
165c,00
165d,00
165e,00
165f,00
1660,70
1661,ff
1662,ff
1663,ff
1664,9c
1665,ff
1666,ff
1667,ff
1668,0f
1669,ff
166a,ff
166b,fc
166c,00
166d,00
166e,00
166f,07
1670,ff
1671,c0
1672,1f
1673,f9
1674,ff
1675,fc
1676,00
1677,7c
1678,00
1679,07
167a,ff
167b,f0
167c,00
167d,00
167e,00
167f,00
1680,70
1681,ff
1682,ff
1683,ff
1684,9c
1685,ff
1686,ff
1687,ff
1688,0f
1689,ff
168a,ff
168b,f8
168c,00
168d,00
168e,00
168f,0f
1690,e0
1691,01
1692,ff
1693,f8
1694,ff
1695,f0
1696,00
1697,7c
1698,00
1699,07
169a,ff
169b,f0
169c,00
169d,00
169e,00
169f,00
16a0,70
16a1,ff
16a2,ff
16a3,ff
16a4,9c
16a5,ff
16a6,ff
16a7,ff
16a8,0f
16a9,7f
16aa,ff
16ab,f8
16ac,00
16ad,00
16ae,00
16af,3f
16b0,80
16b1,7f
16b2,ff
16b3,fc
16b4,3f
16b5,c0
16b6,00
16b7,3c
16b8,00
16b9,07
16ba,ff
16bb,e0
16bc,00
16bd,00
16be,00
16bf,00
16c0,70
16c1,ff
16c2,ff
16c3,ff
16c4,9c
16c5,ff
16c6,ff
16c7,ff
16c8,0e
16c9,7f
16ca,ff
16cb,fc
16cc,00
16cd,3f
16ce,fc
16cf,7f
16d0,03
16d1,ff
16d2,ff
16d3,fe
16d4,0f
16d5,80
16d6,00
16d7,3c
16d8,00
16d9,0f
16da,ff
16db,c0
16dc,00
16dd,00
16de,00
16df,00
16e0,78
16e1,ff
16e2,ff
16e3,ff
16e4,9c
16e5,ff
16e6,ff
16e7,ff
16e8,0e
16e9,7f
16ea,ff
16eb,fe
16ec,00
16ed,03
16ee,ff
16ef,fc
16f0,07
16f1,ff
16f2,c0
16f3,1f
16f4,80
16f5,00
16f6,00
16f7,3c
16f8,00
16f9,0f
16fa,ff
16fb,80
16fc,00
16fd,00
16fe,00
16ff,00
1700,78
1701,ff
1702,ff
1703,ff
1704,9c
1705,ff
1706,ff
1707,ff
1708,0e
1709,7f
170a,ff
170b,ff
170c,00
170d,00
170e,3f
170f,f0
1710,0f
1711,f0
1712,00
1713,07
1714,c0
1715,00
1716,00
1717,1c
1718,00
1719,1f
171a,ff
171b,00
171c,00
171d,00
171e,00
171f,00
1720,78
1721,ff
1722,ff
1723,ff
1724,9c
1725,ff
1726,ff
1727,ff
1728,0e
1729,7f
172a,ff
172b,ff
172c,80
172d,00
172e,07
172f,e0
1730,1f
1731,00
1732,00
1733,07
1734,e0
1735,00
1736,00
1737,1e
1738,00
1739,3f
173a,ff
173b,00
173c,00
173d,00
173e,00
173f,00
1740,38
1741,7f
1742,ff
1743,ff
1744,9c
1745,ff
1746,ff
1747,ff
1748,1e
1749,7f
174a,ff
174b,ff
174c,fe
174d,00
174e,00
174f,00
1750,38
1751,00
1752,ff
1753,ff
1754,f0
1755,00
1756,00
1757,1e
1758,00
1759,3f
175a,fe
175b,00
175c,00
175d,00
175e,00
175f,00
1760,3c
1761,7f
1762,ff
1763,ff
1764,9c
1765,ff
1766,ff
1767,ff
1768,3e
1769,7f
176a,ff
176b,ff
176c,ff
176d,fe
176e,00
176f,00
1770,60
1771,01
1772,ff
1773,ff
1774,f8
1775,00
1776,00
1777,1e
1778,00
1779,3f
177a,fc
177b,00
177c,00
177d,00
177e,00
177f,00
1780,3f
1781,ff
1782,ff
1783,ff
1784,9c
1785,ff
1786,ff
1787,ff
1788,fe
1789,7f
178a,ff
178b,ff
178c,ff
178d,ff
178e,f0
178f,00
1790,80
1791,03
1792,ff
1793,ff
1794,fc
1795,00
1796,00
1797,0e
1798,00
1799,3f
179a,f8
179b,00
179c,00
179d,00
179e,00
179f,00
17a0,3f
17a1,ff
17a2,ff
17a3,ff
17a4,9c
17a5,ff
17a6,ff
17a7,ff
17a8,fc
17a9,7f
17aa,ff
17ab,ff
17ac,ff
17ad,ff
17ae,fe
17af,00
17b0,00
17b1,07
17b2,ff
17b3,e0
17b4,3c
17b5,00
17b6,00
17b7,1e
17b8,00
17b9,3f
17ba,f0
17bb,00
17bc,00
17bd,00
17be,00
17bf,00
17c0,3f
17c1,ff
17c2,ff
17c3,f8
17c4,1c
17c5,0f
17c6,ff
17c7,ff
17c8,fc
17c9,ff
17ca,ff
17cb,ff
17cc,ff
17cd,ff
17ce,ff
17cf,80
17d0,00
17d1,0f
17d2,c0
17d3,00
17d4,1e
17d5,00
17d6,00
17d7,1e
17d8,00
17d9,3f
17da,f0
17db,00
17dc,00
17dd,00
17de,00
17df,00
17e0,3f
17e1,ff
17e2,fe
17e3,00
17e4,1c
17e5,00
17e6,3f
17e7,ff
17e8,fc
17e9,ff
17ea,ff
17eb,ff
17ec,ff
17ed,ff
17ee,ff
17ef,f0
17f0,00
17f1,1f
17f2,80
17f3,00
17f4,1e
17f5,00
17f6,00
17f7,1c
17f8,00
17f9,3f
17fa,e0
17fb,00
17fc,00
17fd,00
17fe,00
17ff,00
1800,3c
1801,7f
1802,fe
1803,00
1804,1c
1805,00
1806,7f
1807,ff
1808,1c
1809,ff
180a,ff
180b,ff
180c,ff
180d,ff
180e,ff
180f,fe
1810,00
1811,3f
1812,00
1813,00
1814,1f
1815,00
1816,00
1817,3c
1818,00
1819,3f
181a,c0
181b,00
181c,00
181d,00
181e,00
181f,00
1820,1c
1821,0f
1822,ff
1823,ff
1824,ff
1825,ff
1826,ff
1827,f8
1828,3c
1829,ff
182a,ff
182b,ff
182c,ff
182d,ff
182e,ff
182f,ff
1830,80
1831,7e
1832,00
1833,00
1834,0f
1835,00
1836,00
1837,38
1838,00
1839,3f
183a,ff
183b,ff
183c,ff
183d,fe
183e,00
183f,00
1840,1c
1841,01
1842,ff
1843,ff
1844,ff
1845,ff
1846,ff
1847,80
1848,3c
1849,ff
184a,ff
184b,ff
184c,ff
184d,ff
184e,ff
184f,ff
1850,f0
1851,fc
1852,00
1853,00
1854,0f
1855,80
1856,00
1857,38
1858,00
1859,3f
185a,ff
185b,ff
185c,ff
185d,ff
185e,80
185f,00
1860,1c
1861,00
1862,0f
1863,ff
1864,ff
1865,ff
1866,f0
1867,00
1868,3c
1869,ff
186a,ff
186b,ff
186c,ff
186d,ff
186e,ff
186f,ff
1870,ff
1871,f8
1872,00
1873,00
1874,07
1875,80
1876,00
1877,70
1878,00
1879,3f
187a,ff
187b,ff
187c,ff
187d,ff
187e,c0
187f,00
1880,1e
1881,00
1882,00
1883,03
1884,ff
1885,e0
1886,00
1887,00
1888,78
1889,ff
188a,ff
188b,ff
188c,ff
188d,ff
188e,ff
188f,ff
1890,ff
1891,f0
1892,00
1893,7f
1894,ff
1895,c0
1896,00
1897,70
1898,00
1899,3f
189a,ff
189b,ff
189c,ff
189d,ff
189e,e0
189f,00
18a0,1f
18a1,00
18a2,00
18a3,00
18a4,1c
18a5,00
18a6,00
18a7,00
18a8,f8
18a9,7f
18aa,ff
18ab,ff
18ac,ff
18ad,ff
18ae,ff
18af,ff
18b0,ff
18b1,e0
18b2,00
18b3,ff
18b4,ff
18b5,c0
18b6,00
18b7,70
18b8,00
18b9,3f
18ba,ff
18bb,ff
18bc,ff
18bd,ff
18be,f0
18bf,00
18c0,1f
18c1,c0
18c2,00
18c3,00
18c4,1c
18c5,00
18c6,00
18c7,07
18c8,f0
18c9,1f
18ca,ff
18cb,ff
18cc,ff
18cd,ff
18ce,ff
18cf,ff
18d0,ff
18d1,c0
18d2,01
18d3,ff
18d4,ff
18d5,e0
18d6,00
18d7,e0
18d8,00
18d9,3f
18da,ff
18db,ff
18dc,ff
18dd,fd
18de,f0
18df,00
18e0,07
18e1,f8
18e2,00
18e3,00
18e4,1c
18e5,00
18e6,00
18e7,1f
18e8,e0
18e9,07
18ea,ff
18eb,ff
18ec,ff
18ed,ff
18ee,ff
18ef,ff
18f0,ff
18f1,80
18f2,07
18f3,ff
18f4,ff
18f5,e0
18f6,00
18f7,e0
18f8,00
18f9,1f
18fa,ff
18fb,ff
18fc,ff
18fd,f8
18fe,78
18ff,00
1900,03
1901,ff
1902,00
1903,00
1904,1c
1905,00
1906,01
1907,ff
1908,80
1909,01
190a,ff
190b,ff
190c,07
190d,ff
190e,ff
190f,ff
1910,ff
1911,00
1912,0f
1913,ff
1914,ff
1915,f0
1916,00
1917,60
1918,00
1919,1f
191a,ff
191b,ff
191c,ff
191d,fe
191e,3c
191f,00
1920,00
1921,ff
1922,f8
1923,00
1924,1c
1925,00
1926,3f
1927,fe
1928,00
1929,00
192a,7f
192b,ff
192c,80
192d,01
192e,ff
192f,ff
1930,ff
1931,00
1932,1f
1933,ff
1934,ff
1935,f0
1936,00
1937,60
1938,00
1939,1f
193a,fc
193b,00
193c,00
193d,3f
193e,1e
193f,00
1940,00
1941,1f
1942,ff
1943,fe
1944,3c
1945,ff
1946,ff
1947,f0
1948,00
1949,00
194a,1f
194b,ff
194c,e0
194d,00
194e,7f
194f,ff
1950,ff
1951,00
1952,3f
1953,ff
1954,ff
1955,f8
1956,00
1957,70
1958,00
1959,1f
195a,f8
195b,00
195c,00
195d,0f
195e,8f
195f,00
1960,00
1961,03
1962,ff
1963,ff
1964,ff
1965,ff
1966,ff
1967,80
1968,00
1969,00
196a,07
196b,ff
196c,ff
196d,80
196e,0f
196f,ff
1970,ff
1971,00
1972,7f
1973,ff
1974,ff
1975,f8
1976,00
1977,30
1978,00
1979,1f
197a,f0
197b,00
197c,00
197d,07
197e,c7
197f,80
1980,00
1981,00
1982,1f
1983,ff
1984,ff
1985,ff
1986,f8
1987,00
1988,00
1989,00
198a,01
198b,ff
198c,ff
198d,ff
198e,ff
198f,ff
1990,ff
1991,01
1992,ff
1993,ff
1994,ff
1995,fc
1996,00
1997,30
1998,00
1999,1f
199a,e0
199b,01
199c,ff
199d,83
199e,f3
199f,c0
19a0,00
19a1,00
19a2,00
19a3,7f
19a4,ff
19a5,fc
19a6,00
19a7,00
19a8,00
19a9,00
19aa,00
19ab,7f
19ac,ff
19ad,ff
19ae,ff
19af,ff
19b0,ff
19b1,03
19b2,ff
19b3,ff
19b4,ff
19b5,fc
19b6,00
19b7,30
19b8,00
19b9,1f
19ba,83
19bb,ff
19bc,ff
19bd,c3
19be,f9
19bf,e0
19c0,00
19c1,00
19c2,00
19c3,00
19c4,00
19c5,00
19c6,00
19c7,00
19c8,00
19c9,00
19ca,00
19cb,3f
19cc,ff
19cd,ff
19ce,ff
19cf,ff
19d0,ff
19d1,03
19d2,ff
19d3,ff
19d4,ff
19d5,fc
19d6,00
19d7,10
19d8,00
19d9,1f
19da,00
19db,07
19dc,ff
19dd,e1
19de,fc
19df,f0
19e0,00
19e1,00
19e2,00
19e3,00
19e4,00
19e5,00
19e6,00
19e7,00
19e8,00
19e9,00
19ea,00
19eb,0f
19ec,ff
19ed,ff
19ee,ff
19ef,ff
19f0,ff
19f1,03
19f2,ff
19f3,ff
19f4,ff
19f5,fe
19f6,00
19f7,10
19f8,00
19f9,1e
19fa,00
19fb,00
19fc,07
19fd,f0
19fe,fe
19ff,78
1a00,00
1a01,00
1a02,00
1a03,00
1a04,00
1a05,00
1a06,00
1a07,00
1a08,00
1a09,00
1a0a,00
1a0b,00
1a0c,7f
1a0d,ff
1a0e,ff
1a0f,ff
1a10,ff
1a11,07
1a12,ff
1a13,ff
1a14,ff
1a15,fe
1a16,00
1a17,10
1a18,00
1a19,1e
1a1a,00
1a1b,00
1a1c,03
1a1d,f0
1a1e,7f
1a1f,fc
1a20,00
1a21,00
1a22,00
1a23,00
1a24,00
1a25,00
1a26,00
1a27,00
1a28,00
1a29,00
1a2a,00
1a2b,00
1a2c,03
1a2d,ff
1a2e,ff
1a2f,ff
1a30,ff
1a31,07
1a32,ff
1a33,ff
1a34,ff
1a35,ff
1a36,00
1a37,00
1a38,00
1a39,1e
1a3a,00
1a3b,01
1a3c,81
1a3d,f8
1a3e,3f
1a3f,fe
1a40,00
1a41,00
1a42,00
1a43,00
1a44,00
1a45,00
1a46,00
1a47,00
1a48,00
1a49,00
1a4a,00
1a4b,00
1a4c,00
1a4d,0f
1a4e,ff
1a4f,ff
1a50,ff
1a51,07
1a52,ff
1a53,ff
1a54,ff
1a55,ff
1a56,00
1a57,00
1a58,00
1a59,1e
1a5a,3f
1a5b,ff
1a5c,c0
1a5d,fc
1a5e,1f
1a5f,ff
1a60,00
1a61,00
1a62,00
1a63,00
1a64,00
1a65,00
1a66,00
1a67,00
1a68,00
1a69,00
1a6a,00
1a6b,00
1a6c,00
1a6d,00
1a6e,7f
1a6f,ff
1a70,ff
1a71,07
1a72,ff
1a73,ff
1a74,ff
1a75,ff
1a76,00
1a77,00
1a78,00
1a79,1e
1a7a,01
1a7b,ff
1a7c,e0
1a7d,7e
1a7e,0f
1a7f,ff
1a80,00
1a81,00
1a82,00
1a83,00
1a84,00
1a85,00
1a86,00
1a87,00
1a88,00
1a89,00
1a8a,00
1a8b,00
1a8c,00
1a8d,00
1a8e,03
1a8f,ff
1a90,ff
1a91,07
1a92,ff
1a93,ff
1a94,ff
1a95,ff
1a96,00
1a97,00
1a98,00
1a99,1e
1a9a,00
1a9b,07
1a9c,e0
1a9d,7f
1a9e,07
1a9f,ff
1aa0,00
1aa1,00
1aa2,00
1aa3,00
1aa4,00
1aa5,00
1aa6,00
1aa7,00
1aa8,00
1aa9,00
1aaa,00
1aab,00
1aac,00
1aad,00
1aae,00
1aaf,1f
1ab0,ff
1ab1,0f
1ab2,ff
1ab3,ff
1ab4,ff
1ab5,ff
1ab6,00
1ab7,00
1ab8,00
1ab9,1e
1aba,00
1abb,03
1abc,f0
1abd,3f
1abe,83
1abf,ff
1ac0,00
1ac1,00
1ac2,00
1ac3,00
1ac4,00
1ac5,00
1ac6,00
1ac7,00
1ac8,00
1ac9,00
1aca,00
1acb,00
1acc,00
1acd,00
1ace,00
1acf,00
1ad0,7f
1ad1,0f
1ad2,e7
1ad3,ff
1ad4,ff
1ad5,ff
1ad6,00
1ad7,00
1ad8,00
1ad9,3e
1ada,00
1adb,01
1adc,f8
1add,1f
1ade,c3
1adf,fe
1ae0,00
1ae1,00
1ae2,00
1ae3,00
1ae4,00
1ae5,00
1ae6,00
1ae7,00
1ae8,00
1ae9,00
1aea,00
1aeb,00
1aec,00
1aed,00
1aee,00
1aef,00
1af0,7f
1af1,8f
1af2,e3
1af3,ff
1af4,ff
1af5,ff
1af6,00
1af7,00
1af8,00
1af9,3e
1afa,00
1afb,00
1afc,fc
1afd,0f
1afe,e3
1aff,fe
1b00,00
1b01,00
1b02,00
1b03,00
1b04,00
1b05,00
1b06,00
1b07,00
1b08,00
1b09,00
1b0a,00
1b0b,00
1b0c,00
1b0d,00
1b0e,00
1b0f,00
1b10,7f
1b11,cf
1b12,e3
1b13,ff
1b14,ff
1b15,ff
1b16,80
1b17,00
1b18,00
1b19,3e
1b1a,00
1b1b,00
1b1c,7e
1b1d,07
1b1e,e3
1b1f,fc
1b20,00
1b21,00
1b22,00
1b23,00
1b24,00
1b25,00
1b26,00
1b27,00
1b28,00
1b29,00
1b2a,00
1b2b,00
1b2c,00
1b2d,00
1b2e,00
1b2f,00
1b30,7f
1b31,ff
1b32,e7
1b33,ff
1b34,ff
1b35,ff
1b36,80
1b37,00
1b38,00
1b39,3e
1b3a,00
1b3b,00
1b3c,7e
1b3d,07
1b3e,e7
1b3f,fc
1b40,00
1b41,00
1b42,00
1b43,00
1b44,00
1b45,00
1b46,00
1b47,00
1b48,00
1b49,00
1b4a,00
1b4b,00
1b4c,00
1b4d,00
1b4e,00
1b4f,00
1b50,7f
1b51,ff
1b52,e7
1b53,f9
1b54,ff
1b55,ff
1b56,80
1b57,00
1b58,00
1b59,3e
1b5a,00
1b5b,00
1b5c,3f
1b5d,03
1b5e,e7
1b5f,f8
1b60,00
1b61,00
1b62,00
1b63,00
1b64,00
1b65,00
1b66,00
1b67,00
1b68,00
1b69,00
1b6a,00
1b6b,00
1b6c,00
1b6d,00
1b6e,00
1b6f,00
1b70,3f
1b71,ff
1b72,e7
1b73,f8
1b74,ff
1b75,ff
1b76,80
1b77,00
1b78,00
1b79,3f
1b7a,80
1b7b,00
1b7c,3f
1b7d,87
1b7e,e7
1b7f,f8
1b80,00
1b81,00
1b82,00
1b83,00
1b84,00
1b85,00
1b86,00
1b87,00
1b88,00
1b89,00
1b8a,00
1b8b,00
1b8c,00
1b8d,00
1b8e,00
1b8f,00
1b90,0f
1b91,ff
1b92,e7
1b93,f8
1b94,ff
1b95,ff
1b96,80
1b97,00
1b98,00
1b99,3f
1b9a,e0
1b9b,00
1b9c,7f
1b9d,87
1b9e,ef
1b9f,f0
1ba0,00
1ba1,00
1ba2,00
1ba3,00
1ba4,00
1ba5,00
1ba6,00
1ba7,00
1ba8,00
1ba9,00
1baa,00
1bab,00
1bac,00
1bad,00
1bae,00
1baf,00
1bb0,03
1bb1,ff
1bb2,ef
1bb3,f8
1bb4,ff
1bb5,3f
1bb6,80
1bb7,00
1bb8,00
1bb9,3f
1bba,f0
1bbb,00
1bbc,7f
1bbd,8f
1bbe,ef
1bbf,f0
1bc0,00
1bc1,00
1bc2,00
1bc3,00
1bc4,00
1bc5,00
1bc6,00
1bc7,00
1bc8,00
1bc9,00
1bca,00
1bcb,00
1bcc,00
1bcd,00
1bce,00
1bcf,00
1bd0,00
1bd1,ff
1bd2,ef
1bd3,f8
1bd4,fe
1bd5,3f
1bd6,80
1bd7,00
1bd8,00
1bd9,3f
1bda,f0
1bdb,00
1bdc,7f
1bdd,8f
1bde,fe
1bdf,c0
1be0,00
1be1,00
1be2,00
1be3,00
1be4,00
1be5,00
1be6,00
1be7,00
1be8,00
1be9,00
1bea,00
1beb,00
1bec,00
1bed,00
1bee,00
1bef,00
1bf0,00
1bf1,7f
1bf2,ff
1bf3,ff
1bf4,fe
1bf5,3f
1bf6,80
1bf7,00
1bf8,00
1bf9,3f
1bfa,f0
1bfb,00
1bfc,ff
1bfd,8f
1bfe,fc
1bff,c0
1c00,00
1c01,00
1c02,00
1c03,00
1c04,00
1c05,00
1c06,00
1c07,00
1c08,00
1c09,00
1c0a,00
1c0b,00
1c0c,00
1c0d,00
1c0e,00
1c0f,00
1c10,00
1c11,1f
1c12,ff
1c13,ff
1c14,fe
1c15,3f
1c16,80
1c17,00
1c18,00
1c19,3f
1c1a,f8
1c1b,00
1c1c,ff
1c1d,ff
1c1e,fc
1c1f,00
1c20,00
1c21,00
1c22,00
1c23,00
1c24,00
1c25,00
1c26,00
1c27,00
1c28,00
1c29,00
1c2a,00
1c2b,00
1c2c,00
1c2d,00
1c2e,00
1c2f,00
1c30,00
1c31,07
1c32,ff
1c33,ff
1c34,fe
1c35,7f
1c36,c0
1c37,00
1c38,00
1c39,3f
1c3a,ff
1c3b,00
1c3c,ff
1c3d,ff
1c3e,f8
1c3f,00
1c40,00
1c41,00
1c42,00
1c43,00
1c44,00
1c45,00
1c46,00
1c47,00
1c48,00
1c49,00
1c4a,00
1c4b,00
1c4c,00
1c4d,00
1c4e,00
1c4f,00
1c50,00
1c51,01
1c52,ff
1c53,ff
1c54,ff
1c55,ff
1c56,ff
1c57,00
1c58,00
1c59,3f
1c5a,ff
1c5b,e1
1c5c,ff
1c5d,ff
1c5e,f8
1c5f,00
1c60,00
1c61,00
1c62,00
1c63,00
1c64,00
1c65,00
1c66,00
1c67,00
1c68,00
1c69,00
1c6a,00
1c6b,00
1c6c,00
1c6d,00
1c6e,00
1c6f,00
1c70,00
1c71,00
1c72,7f
1c73,ff
1c74,ff
1c75,ff
1c76,f0
1c77,00
1c78,00
1c79,3f
1c7a,ff
1c7b,ff
1c7c,ff
1c7d,ff
1c7e,c0
1c7f,00
1c80,00
1c81,00
1c82,00
1c83,00
1c84,00
1c85,00
1c86,00
1c87,00
1c88,00
1c89,00
1c8a,00
1c8b,00
1c8c,00
1c8d,00
1c8e,00
1c8f,00
1c90,00
1c91,00
1c92,3f
1c93,9f
1c94,ff
1c95,ff
1c96,c0
1c97,00
1c98,00
1c99,3f
1c9a,ff
1c9b,ff
1c9c,ff
1c9d,f9
1c9e,80
1c9f,00
1ca0,00
1ca1,00
1ca2,00
1ca3,00
1ca4,00
1ca5,00
1ca6,00
1ca7,00
1ca8,00
1ca9,00
1caa,00
1cab,00
1cac,00
1cad,00
1cae,00
1caf,00
1cb0,00
1cb1,00
1cb2,00
1cb3,00
1cb4,7f
1cb5,ff
1cb6,e1
1cb7,f0
1cb8,00
1cb9,3f
1cba,ff
1cbb,ff
1cbc,f3
1cbd,f8
1cbe,80
1cbf,00
1cc0,00
1cc1,00
1cc2,00
1cc3,00
1cc4,00
1cc5,00
1cc6,00
1cc7,00
1cc8,00
1cc9,00
1cca,00
1ccb,00
1ccc,00
1ccd,00
1cce,00
1ccf,00
1cd0,00
1cd1,00
1cd2,00
1cd3,00
1cd4,01
1cd5,ff
1cd6,ff
1cd7,c0
1cd8,00
1cd9,3f
1cda,bf
1cdb,ff
1cdc,e1
1cdd,90
1cde,00
1cdf,00
1ce0,00
1ce1,00
1ce2,00
1ce3,00
1ce4,00
1ce5,00
1ce6,00
1ce7,00
1ce8,00
1ce9,00
1cea,00
1ceb,00
1cec,00
1ced,00
1cee,00
1cef,00
1cf0,00
1cf1,00
1cf2,00
1cf3,00
1cf4,00
1cf5,7f
1cf6,ff
1cf7,00
1cf8,00
1cf9,3f
1cfa,8f
1cfb,ff
1cfc,e1
1cfd,00
1cfe,00
1cff,00
1d00,00
1d01,00
1d02,00
1d03,00
1d04,00
1d05,00
1d06,00
1d07,00
1d08,00
1d09,00
1d0a,00
1d0b,00
1d0c,00
1d0d,00
1d0e,00
1d0f,00
1d10,00
1d11,00
1d12,00
1d13,00
1d14,00
1d15,3f
1d16,fc
1d17,0e
1d18,00
1d19,3f
1d1a,81
1d1b,ff
1d1c,c0
1d1d,00
1d1e,00
1d1f,00
1d20,00
1d21,00
1d22,00
1d23,00
1d24,00
1d25,00
1d26,00
1d27,00
1d28,00
1d29,00
1d2a,00
1d2b,00
1d2c,00
1d2d,00
1d2e,00
1d2f,00
1d30,00
1d31,00
1d32,00
1d33,00
1d34,00
1d35,1f
1d36,fc
1d37,7e
1d38,00
1d39,3f
1d3a,80
1d3b,7f
1d3c,80
1d3d,00
1d3e,00
1d3f,00
1d40,00
1d41,00
1d42,00
1d43,00
1d44,00
1d45,00
1d46,00
1d47,00
1d48,00
1d49,00
1d4a,00
1d4b,00
1d4c,00
1d4d,00
1d4e,00
1d4f,00
1d50,00
1d51,00
1d52,00
1d53,00
1d54,00
1d55,0f
1d56,ff
1d57,fc
1d58,00
1d59,3f
1d5a,80
1d5b,70
1d5c,00
1d5d,00
1d5e,00
1d5f,00
1d60,00
1d61,00
1d62,00
1d63,00
1d64,00
1d65,00
1d66,00
1d67,00
1d68,00
1d69,00
1d6a,00
1d6b,00
1d6c,00
1d6d,00
1d6e,00
1d6f,00
1d70,00
1d71,00
1d72,00
1d73,00
1d74,00
1d75,07
1d76,ff
1d77,f0
1d78,01
1d79,ff
1d7a,80
1d7b,60
1d7c,00
1d7d,00
1d7e,00
1d7f,00
1d80,00
1d81,00
1d82,00
1d83,00
1d84,00
1d85,00
1d86,00
1d87,00
1d88,00
1d89,00
1d8a,00
1d8b,00
1d8c,00
1d8d,00
1d8e,00
1d8f,00
1d90,00
1d91,00
1d92,00
1d93,00
1d94,00
1d95,03
1d96,ff
1d97,e0
1d98,ff
1d99,ff
1d9a,80
1d9b,00
1d9c,00
1d9d,00
1d9e,00
1d9f,00
1da0,00
1da1,00
1da2,00
1da3,00
1da4,00
1da5,00
1da6,00
1da7,00
1da8,00
1da9,00
1daa,00
1dab,00
1dac,00
1dad,00
1dae,00
1daf,00
1db0,00
1db1,00
1db2,00
1db3,00
1db4,00
1db5,01
1db6,ff
1db7,ff
1db8,ff
1db9,ff
1dba,80
1dbb,00
1dbc,00
1dbd,00
1dbe,00
1dbf,00
1dc0,00
1dc1,00
1dc2,00
1dc3,00
1dc4,00
1dc5,00
1dc6,00
1dc7,00
1dc8,00
1dc9,00
1dca,00
1dcb,00
1dcc,00
1dcd,00
1dce,00
1dcf,00
1dd0,00
1dd1,00
1dd2,00
1dd3,00
1dd4,00
1dd5,01
1dd6,ff
1dd7,ff
1dd8,ff
1dd9,ff
1dda,80
1ddb,00
1ddc,00
1ddd,00
1dde,00
1ddf,00
1de0,00
1de1,00
1de2,00
1de3,00
1de4,00
1de5,00
1de6,00
1de7,00
1de8,00
1de9,00
1dea,00
1deb,00
1dec,00
1ded,00
1dee,00
1def,00
1df0,00
1df1,00
1df2,00
1df3,00
1df4,00
1df5,00
1df6,ff
1df7,ff
1df8,ff
1df9,ff
1dfa,82
1dfb,90
1dfc,00
1dfd,00
1dfe,00
1dff,00
1e00,00
1e01,00
1e02,00
1e03,00
1e04,00
1e05,00
1e06,00
1e07,00
1e08,00
1e09,00
1e0a,00
1e0b,00
1e0c,00
1e0d,00
1e0e,00
1e0f,00
1e10,00
1e11,00
1e12,00
1e13,00
1e14,00
1e15,00
1e16,7f
1e17,ff
1e18,ff
1e19,ff
1e1a,80
1e1b,70
1e1c,00
1e1d,00
1e1e,00
1e1f,00
1e20,00
1e21,00
1e22,00
1e23,00
1e24,00
1e25,00
1e26,00
1e27,00
1e28,00
1e29,00
1e2a,00
1e2b,00
1e2c,00
1e2d,00
1e2e,00
1e2f,00
1e30,00
1e31,00
1e32,00
1e33,00
1e34,00
1e35,00
1e36,3f
1e37,ff
1e38,ff
1e39,ff
1e3a,c0
1e3b,60
1e3c,00
1e3d,00
1e3e,00
1e3f,00
1e40,00
1e41,00
1e42,00
1e43,00
1e44,00
1e45,00
1e46,00
1e47,00
1e48,00
1e49,00
1e4a,00
1e4b,00
1e4c,00
1e4d,00
1e4e,00
1e4f,00
1e50,00
1e51,00
1e52,00
1e53,00
1e54,00
1e55,00
1e56,1f
1e57,ff
1e58,ff
1e59,ff
1e5a,c0
1e5b,00
1e5c,00
1e5d,00
1e5e,00
1e5f,00
1e60,00
1e61,00
1e62,00
1e63,00
1e64,00
1e65,00
1e66,00
1e67,00
1e68,00
1e69,00
1e6a,00
1e6b,00
1e6c,00
1e6d,00
1e6e,00
1e6f,00
1e70,00
1e71,00
1e72,00
1e73,00
1e74,00
1e75,00
1e76,0f
1e77,ff
1e78,ff
1e79,fe
1e7a,00
1e7b,00
1e7c,00
1e7d,00
1e7e,00
1e7f,00
1e80,00
1e81,00
1e82,00
1e83,00
1e84,00
1e85,00
1e86,00
1e87,00
1e88,00
1e89,00
1e8a,00
1e8b,00
1e8c,00
1e8d,00
1e8e,00
1e8f,00
1e90,00
1e91,00
1e92,00
1e93,00
1e94,00
1e95,00
1e96,0f
1e97,ff
1e98,f8
1e99,00
1e9a,00
1e9b,00
1e9c,00
1e9d,00
1e9e,00
1e9f,00
1ea0,00
1ea1,00
1ea2,00
1ea3,00
1ea4,00
1ea5,00
1ea6,00
1ea7,00
1ea8,00
1ea9,00
1eaa,00
1eab,00
1eac,00
1ead,00
1eae,00
1eaf,00
1eb0,00
1eb1,00
1eb2,00
1eb3,00
1eb4,00
1eb5,00
1eb6,07
1eb7,e0
1eb8,00
1eb9,00
1eba,00
1ebb,00
1ebc,00
1ebd,00
1ebe,00
1ebf,00
1ec0,00
1ec1,00
1ec2,00
1ec3,00
1ec4,00
1ec5,00
1ec6,00
1ec7,00
1ec8,00
1ec9,00
1eca,00
1ecb,00
1ecc,00
1ecd,00
1ece,00
1ecf,00
1ed0,00
1ed1,00
1ed2,00
1ed3,00
1ed4,00
1ed5,00
1ed6,00
1ed7,00
1ed8,00
1ed9,00
1eda,00
1edb,00
1edc,00
1edd,00
1ede,00
1edf,00
1ee0,00
1ee1,00
1ee2,00
1ee3,00
1ee4,00
1ee5,00
1ee6,00
1ee7,00
1ee8,00
1ee9,00
1eea,00
1eeb,00
1eec,00
1eed,00
1eee,00
1eef,00
1ef0,00
1ef1,00
1ef2,00
1ef3,00
1ef4,00
1ef5,00
1ef6,00
1ef7,00
1ef8,00
1ef9,00
1efa,00
1efb,00
1efc,00
1efd,00
1efe,00
1eff,00
1f00,00
1f01,00
1f02,00
1f03,00
1f04,00
1f05,00
1f06,00
1f07,00
1f08,00
1f09,00
1f0a,00
1f0b,00
1f0c,00
1f0d,00
1f0e,00
1f0f,00
1f10,00
1f11,00
1f12,00
1f13,00
1f14,00
1f15,00
1f16,00
1f17,00
1f18,00
1f19,00
1f1a,00
1f1b,00
1f1c,00
1f1d,00
1f1e,00
1f1f,00
1f20,00
1f21,00
1f22,00
1f23,00
1f24,00
1f25,00
1f26,00
1f27,00
1f28,00
1f29,00
1f2a,00
1f2b,00
1f2c,00
1f2d,00
1f2e,00
1f2f,00
1f30,00
1f31,00
1f32,00
1f33,00
1f34,00
1f35,00
1f36,00
1f37,00
1f38,00
1f39,00
1f3a,00
1f3b,00
1f3c,00
1f3d,00
1f3e,00
1f3f,00
1f40,00
1f41,00
1f42,00
1f43,00
1f44,00
1f45,00
1f46,00
1f47,00
1f48,00
1f49,00
1f4a,00
1f4b,00
1f4c,00
1f4d,00
1f4e,00
1f4f,00
1f50,00
1f51,00
1f52,00
1f53,00
1f54,00
1f55,00
1f56,00
1f57,00
1f58,00
1f59,00
1f5a,00
1f5b,00
1f5c,00
1f5d,00
1f5e,00
1f5f,00
1f60,00
1f61,00
1f62,00
1f63,00
1f64,00
1f65,00
1f66,00
1f67,00
1f68,00
1f69,00
1f6a,00
1f6b,00
1f6c,00
1f6d,00
1f6e,00
1f6f,00
1f70,00
1f71,00
1f72,00
1f73,00
1f74,00
1f75,00
1f76,00
1f77,00
1f78,00
1f79,00
1f7a,00
1f7b,00
1f7c,00
1f7d,00
1f7e,00
1f7f,00
1f80,00
1f81,00
1f82,00
1f83,00
1f84,00
1f85,00
1f86,00
1f87,00
1f88,00
1f89,00
1f8a,00
1f8b,00
1f8c,00
1f8d,00
1f8e,00
1f8f,00
1f90,00
1f91,00
1f92,00
1f93,00
1f94,00
1f95,00
1f96,00
1f97,00
1f98,00
1f99,00
1f9a,00
1f9b,00
1f9c,00
1f9d,00
1f9e,00
1f9f,00
1fa0,00
1fa1,00
1fa2,00
1fa3,00
1fa4,00
1fa5,00
1fa6,00
1fa7,00
1fa8,00
1fa9,00
1faa,00
1fab,00
1fac,00
1fad,00
1fae,00
1faf,00
1fb0,00
1fb1,00
1fb2,00
1fb3,00
1fb4,00
1fb5,00
1fb6,00
1fb7,00
1fb8,00
1fb9,00
1fba,00
1fbb,00
1fbc,00
1fbd,00
1fbe,00
1fbf,00
1fc0,00
1fc1,00
1fc2,00
1fc3,00
1fc4,00
1fc5,00
1fc6,00
1fc7,00
1fc8,00
1fc9,00
1fca,00
1fcb,00
1fcc,00
1fcd,00
1fce,00
1fcf,00
1fd0,00
1fd1,00
1fd2,00
1fd3,00
1fd4,00
1fd5,00
1fd6,00
1fd7,00
1fd8,00
1fd9,00
1fda,00
1fdb,00
1fdc,00
1fdd,00
1fde,00
1fdf,00
1fe0,00
1fe1,00
1fe2,00
1fe3,00
1fe4,00
1fe5,00
1fe6,00
1fe7,00
1fe8,00
1fe9,00
1fea,00
1feb,00
1fec,00
1fed,00
1fee,00
1fef,00
1ff0,00
1ff1,00
1ff2,00
1ff3,00
1ff4,00
1ff5,00
1ff6,00
1ff7,00
1ff8,00
1ff9,00
1ffa,00
1ffb,00
1ffc,00
1ffd,00
1ffe,00
1fff,00
